A10MFPNQQ7W83:3L4D84MILZSS7O0TVMZIXEGWNWZJHY,initialized,0,,1465279139283
A10MFPNQQ7W83:3L4D84MILZSS7O0TVMZIXEGWNWZJHY,window_resize,0,"[1920, 1028]",1465279139283
A12HZGOZQD5YK7:3JBT3HLQF82AKK3LWLA9UH6DSLMZP4,initialized,0,,1465279284412
A12HZGOZQD5YK7:3JBT3HLQF82AKK3LWLA9UH6DSLMZP4,window_resize,1,"[1920, 1155]",1465279284413
A12HZGOZQD5YK7:3JBT3HLQF82AKK3LWLA9UH6DSLMZP4,focus,28418,off,1465279312831
A12HZGOZQD5YK7:3JBT3HLQF82AKK3LWLA9UH6DSLMZP4,focus,18817,on,1465279331648
A1341FGE92VIZW:3TVSS0C0E104IHRN2FZM0NDS0M3WTG,initialized,0,,1465351509667
A1341FGE92VIZW:3TVSS0C0E104IHRN2FZM0NDS0M3WTG,window_resize,1,"[1024, 723]",1465351509668
A1341FGE92VIZW:3TVSS0C0E104IHRN2FZM0NDS0M3WTG,focus,50923,off,1465351560591
A1341FGE92VIZW:3TVSS0C0E104IHRN2FZM0NDS0M3WTG,focus,2360,on,1465351562951
A1341FGE92VIZW:3TVSS0C0E104IHRN2FZM0NDS0M3WTG,focus,88854,off,1465351651805
A1341FGE92VIZW:3TVSS0C0E104IHRN2FZM0NDS0M3WTG,focus,3653,on,1465351655458
A138V0KDC826EE:3BDCF01OGXUKO9EI87FJZTORHHGYLD,initialized,0,,1465279092057
A138V0KDC826EE:3BDCF01OGXUKO9EI87FJZTORHHGYLD,window_resize,0,"[1362, 714]",1465279092057
A138V0KDC826EE:3BDCF01OGXUKO9EI87FJZTORHHGYLD,window_resize,67373,"[1362, 391]",1465279159430
A138V0KDC826EE:3BDCF01OGXUKO9EI87FJZTORHHGYLD,window_resize,1701,"[1362, 714]",1465279161131
A142ZRU284W9O:37UEWGM5HT8Y11YS12567IMGGOXR1Z,initialized,0,,1465279590143
A142ZRU284W9O:37UEWGM5HT8Y11YS12567IMGGOXR1Z,window_resize,0,"[1920, 1035]",1465279590143
A142ZRU284W9O:37UEWGM5HT8Y11YS12567IMGGOXR1Z,focus,149559,off,1465279739702
A142ZRU284W9O:37UEWGM5HT8Y11YS12567IMGGOXR1Z,focus,60691,on,1465279800393
A142ZRU284W9O:37UEWGM5HT8Y11YS12567IMGGOXR1Z,focus,58613,off,1465279859006
A142ZRU284W9O:37UEWGM5HT8Y11YS12567IMGGOXR1Z,focus,986,on,1465279859992
A14DRED7XJ1F2V:3XIQGXAUMC8W9JZ6ZHS7XAZHKRJ7X9,initialized,0,,1465279758631
A14DRED7XJ1F2V:3XIQGXAUMC8W9JZ6ZHS7XAZHKRJ7X9,window_resize,0,"[881, 662]",1465279758631
A14DRED7XJ1F2V:3XIQGXAUMC8W9JZ6ZHS7XAZHKRJ7X9,focus,66099,off,1465279824730
A14DRED7XJ1F2V:3XIQGXAUMC8W9JZ6ZHS7XAZHKRJ7X9,focus,6804,on,1465279831534
A14DRED7XJ1F2V:3XIQGXAUMC8W9JZ6ZHS7XAZHKRJ7X9,window_resize,88022,"[1354, 706]",1465279919556
A14DRED7XJ1F2V:3XIQGXAUMC8W9JZ6ZHS7XAZHKRJ7X9,window_resize,70320,"[1366, 678]",1465279989876
A14DRED7XJ1F2V:3XIQGXAUMC8W9JZ6ZHS7XAZHKRJ7X9,window_resize,757,"[1354, 706]",1465279990633
A14DRED7XJ1F2V:3XIQGXAUMC8W9JZ6ZHS7XAZHKRJ7X9,window_resize,9433,"[667, 706]",1465280000066
A14DRED7XJ1F2V:3XIQGXAUMC8W9JZ6ZHS7XAZHKRJ7X9,window_resize,597,"[520, 706]",1465280000663
A14DRED7XJ1F2V:3XIQGXAUMC8W9JZ6ZHS7XAZHKRJ7X9,window_resize,258,"[520, 662]",1465280000921
A166A2M31CW2C7:3YT88D1N08Y8O0ZCYMASUZFZJGH3KA,initialized,0,,1465279939158
A166A2M31CW2C7:3YT88D1N08Y8O0ZCYMASUZFZJGH3KA,window_resize,1,"[1362, 714]",1465279939159
A166A2M31CW2C7:3YT88D1N08Y8O0ZCYMASUZFZJGH3KA,focus,27593,off,1465279966752
A166A2M31CW2C7:3YT88D1N08Y8O0ZCYMASUZFZJGH3KA,focus,40883,on,1465280007635
A166A2M31CW2C7:3YT88D1N08Y8O0ZCYMASUZFZJGH3KA,focus,73033,off,1465280080668
A166A2M31CW2C7:3YT88D1N08Y8O0ZCYMASUZFZJGH3KA,focus,21,off,1465280080689
A166A2M31CW2C7:3YT88D1N08Y8O0ZCYMASUZFZJGH3KA,focus,1326,on,1465280082015
A166A2M31CW2C7:3YT88D1N08Y8O0ZCYMASUZFZJGH3KA,focus,4154,off,1465280086169
A166A2M31CW2C7:3YT88D1N08Y8O0ZCYMASUZFZJGH3KA,focus,3175,on,1465280089344
A167SYXGXFU7C8:33NF62TLXJ2J9E11172FA6WOFD3JK2,initialized,0,,1465279281261
A167SYXGXFU7C8:33NF62TLXJ2J9E11172FA6WOFD3JK2,window_resize,0,"[1264, 905]",1465279281261
A167SYXGXFU7C8:33NF62TLXJ2J9E11172FA6WOFD3JK2,focus,469,on,1465279281730
A16NQGAUPB9LGH:35DR22AR5DKE80YJX5PHKTN1FPW3XZ,initialized,0,,1465279359384
A16NQGAUPB9LGH:35DR22AR5DKE80YJX5PHKTN1FPW3XZ,window_resize,0,"[1680, 910]",1465279359384
A16ZPEKWQLQUQA:3UOUJI6MTDEY7UB2CPLI72D1S2GUXY,initialized,0,,1465279597135
A16ZPEKWQLQUQA:3UOUJI6MTDEY7UB2CPLI72D1S2GUXY,window_resize,0,"[1248, 702]",1465279597135
A16ZPEKWQLQUQA:3UOUJI6MTDEY7UB2CPLI72D1S2GUXY,window_resize,81281,"[1135, 638]",1465279678416
A170EDGL8ZWMSL:3BGYGHDBBXKOM2Z35GQJBTODW2W22D,initialized,0,,1465279086918
A170EDGL8ZWMSL:3BGYGHDBBXKOM2Z35GQJBTODW2W22D,window_resize,1,"[1362, 714]",1465279086919
A173IPWYGBPVTP:3TPZPLC3M0C9ZRWSBEF0QG1YDQN3PB,initialized,0,,1465279906424
A173IPWYGBPVTP:3TPZPLC3M0C9ZRWSBEF0QG1YDQN3PB,window_resize,1,"[980, 507]",1465279906425
A173IPWYGBPVTP:3TPZPLC3M0C9ZRWSBEF0QG1YDQN3PB,window_resize,18129,"[980, 254]",1465279924554
A173IPWYGBPVTP:3TPZPLC3M0C9ZRWSBEF0QG1YDQN3PB,window_resize,2133,"[980, 206]",1465279926687
A173IPWYGBPVTP:3TPZPLC3M0C9ZRWSBEF0QG1YDQN3PB,window_resize,4409,"[980, 507]",1465279931096
A173IPWYGBPVTP:3TPZPLC3M0C9ZRWSBEF0QG1YDQN3PB,window_resize,8069,"[980, 254]",1465279939165
A173IPWYGBPVTP:3TPZPLC3M0C9ZRWSBEF0QG1YDQN3PB,window_resize,6304,"[980, 206]",1465279945469
A173IPWYGBPVTP:3TPZPLC3M0C9ZRWSBEF0QG1YDQN3PB,window_resize,159158,"[980, 254]",1465280104627
A173IPWYGBPVTP:3TPZPLC3M0C9ZRWSBEF0QG1YDQN3PB,window_resize,4965,"[980, 206]",1465280109592
A173IPWYGBPVTP:3TPZPLC3M0C9ZRWSBEF0QG1YDQN3PB,window_resize,15785,"[980, 507]",1465280125377
A173IPWYGBPVTP:3TPZPLC3M0C9ZRWSBEF0QG1YDQN3PB,window_resize,2134,"[980, 254]",1465280127511
A173IPWYGBPVTP:3TPZPLC3M0C9ZRWSBEF0QG1YDQN3PB,window_resize,3806,"[980, 206]",1465280131317
A173IPWYGBPVTP:3TPZPLC3M0C9ZRWSBEF0QG1YDQN3PB,window_resize,251013,"[980, 507]",1465280382330
A173IPWYGBPVTP:3TPZPLC3M0C9ZRWSBEF0QG1YDQN3PB,window_resize,2696,"[980, 254]",1465280385026
A173IPWYGBPVTP:3TPZPLC3M0C9ZRWSBEF0QG1YDQN3PB,window_resize,9718,"[980, 206]",1465280394744
A173IPWYGBPVTP:3TPZPLC3M0C9ZRWSBEF0QG1YDQN3PB,window_resize,22057,"[980, 897]",1465280416801
A173IPWYGBPVTP:3TPZPLC3M0C9ZRWSBEF0QG1YDQN3PB,window_resize,363,"[980, 206]",1465280417164
A173IPWYGBPVTP:3TPZPLC3M0C9ZRWSBEF0QG1YDQN3PB,window_resize,372,"[980, 236]",1465280417536
A173IPWYGBPVTP:3TPZPLC3M0C9ZRWSBEF0QG1YDQN3PB,window_resize,384,"[980, 254]",1465280417920
A173IPWYGBPVTP:3TPZPLC3M0C9ZRWSBEF0QG1YDQN3PB,window_resize,1440,"[980, 206]",1465280419360
A19CB2C4GY4C60:3NGI5ARFTT5DPOIDOA1H2NM1F69P15,initialized,0,,1465279392315
A19CB2C4GY4C60:3NGI5ARFTT5DPOIDOA1H2NM1F69P15,window_resize,0,"[1904, 962]",1465279392315
A19CB2C4GY4C60:3NGI5ARFTT5DPOIDOA1H2NM1F69P15,focus,430,on,1465279392745
A1AKX1C8GCVCTP:36WLNQG78ZAA5VBFHTEVEN06NBYBEP,initialized,0,,1465279754746
A1AKX1C8GCVCTP:36WLNQG78ZAA5VBFHTEVEN06NBYBEP,window_resize,1,"[1264, 612]",1465279754747
A1AKX1C8GCVCTP:36WLNQG78ZAA5VBFHTEVEN06NBYBEP,focus,1051,on,1465279755798
A1AKX1C8GCVCTP:36WLNQG78ZAA5VBFHTEVEN06NBYBEP,focus,29571,off,1465279785369
A1AKX1C8GCVCTP:36WLNQG78ZAA5VBFHTEVEN06NBYBEP,focus,12658,on,1465279798027
A1AKX1C8GCVCTP:36WLNQG78ZAA5VBFHTEVEN06NBYBEP,focus,85898,off,1465279883925
A1AKX1C8GCVCTP:36WLNQG78ZAA5VBFHTEVEN06NBYBEP,focus,39190,on,1465279923115
A1AKX1C8GCVCTP:36WLNQG78ZAA5VBFHTEVEN06NBYBEP,focus,1532,off,1465279924647
A1AKX1C8GCVCTP:36WLNQG78ZAA5VBFHTEVEN06NBYBEP,focus,41909,on,1465279966556
A1AKX1C8GCVCTP:36WLNQG78ZAA5VBFHTEVEN06NBYBEP,focus,144897,off,1465280111453
A1AKX1C8GCVCTP:36WLNQG78ZAA5VBFHTEVEN06NBYBEP,focus,41839,on,1465280153292
A1AKX1C8GCVCTP:36WLNQG78ZAA5VBFHTEVEN06NBYBEP,focus,67986,off,1465280221278
A1AKX1C8GCVCTP:36WLNQG78ZAA5VBFHTEVEN06NBYBEP,focus,97430,on,1465280318708
A1BIJGB7XA0GME:34BBWHLWHABE93BC830IMGBJP5NWIZ,initialized,0,,1465279080739
A1BIJGB7XA0GME:34BBWHLWHABE93BC830IMGBJP5NWIZ,window_resize,0,"[1280, 723]",1465279080739
A1BRCCV1X4E6X5:39U1BHVTDLR7RJPZSVOKVQ2V2T83TG,initialized,0,,1465279681504
A1BRCCV1X4E6X5:39U1BHVTDLR7RJPZSVOKVQ2V2T83TG,window_resize,0,"[1006, 663]",1465279681504
A1BRCCV1X4E6X5:39U1BHVTDLR7RJPZSVOKVQ2V2T83TG,focus,383,on,1465279681887
A1BTBKKSV0COGR:36H9ULYP62U8TS9N0WBIUT4J7HMJF0,initialized,0,,1465279094684
A1BTBKKSV0COGR:36H9ULYP62U8TS9N0WBIUT4J7HMJF0,window_resize,0,"[892, 657]",1465279094684
A1BYP5OP3OZUZH:3GNA64GUZE4XDIKBPAII5IPSWI15QV,initialized,0,,1465280236014
A1BYP5OP3OZUZH:3GNA64GUZE4XDIKBPAII5IPSWI15QV,window_resize,0,"[1522, 763]",1465280236014
A1BYP5OP3OZUZH:3GNA64GUZE4XDIKBPAII5IPSWI15QV,focus,347,on,1465280236361
A1DJJGPAHI9NI0:3QAPZX2QN4DHQSWPQTM5S5VYZ4C20T,initialized,0,,1465279248075
A1DJJGPAHI9NI0:3QAPZX2QN4DHQSWPQTM5S5VYZ4C20T,window_resize,0,"[1920, 1026]",1465279248075
A1DJJGPAHI9NI0:3QAPZX2QN4DHQSWPQTM5S5VYZ4C20T,focus,80076,off,1465279328151
A1DJJGPAHI9NI0:3QAPZX2QN4DHQSWPQTM5S5VYZ4C20T,focus,21251,on,1465279349402
A1DJJGPAHI9NI0:3QAPZX2QN4DHQSWPQTM5S5VYZ4C20T,focus,14357,off,1465279363759
A1DJJGPAHI9NI0:3QAPZX2QN4DHQSWPQTM5S5VYZ4C20T,focus,16033,on,1465279379792
A1DJJGPAHI9NI0:3QAPZX2QN4DHQSWPQTM5S5VYZ4C20T,focus,5602,off,1465279385394
A1DJJGPAHI9NI0:3QAPZX2QN4DHQSWPQTM5S5VYZ4C20T,focus,13722,on,1465279399116
A1DJJGPAHI9NI0:3QAPZX2QN4DHQSWPQTM5S5VYZ4C20T,focus,25887,off,1465279425003
A1DJJGPAHI9NI0:3QAPZX2QN4DHQSWPQTM5S5VYZ4C20T,focus,11957,on,1465279436960
A1DJJGPAHI9NI0:3QAPZX2QN4DHQSWPQTM5S5VYZ4C20T,focus,4406,off,1465279441366
A1DJJGPAHI9NI0:3QAPZX2QN4DHQSWPQTM5S5VYZ4C20T,focus,15414,on,1465279456780
A1DJJGPAHI9NI0:3QAPZX2QN4DHQSWPQTM5S5VYZ4C20T,focus,62190,off,1465279518970
A1DJJGPAHI9NI0:3QAPZX2QN4DHQSWPQTM5S5VYZ4C20T,focus,19829,on,1465279538799
A1DJJGPAHI9NI0:3QAPZX2QN4DHQSWPQTM5S5VYZ4C20T,focus,4725,off,1465279543524
A1DJJGPAHI9NI0:3QAPZX2QN4DHQSWPQTM5S5VYZ4C20T,focus,9362,on,1465279552886
A1DJJGPAHI9NI0:3QAPZX2QN4DHQSWPQTM5S5VYZ4C20T,focus,72474,off,1465279625360
A1DJJGPAHI9NI0:3QAPZX2QN4DHQSWPQTM5S5VYZ4C20T,focus,8582,on,1465279633942
A1DJJGPAHI9NI0:3QAPZX2QN4DHQSWPQTM5S5VYZ4C20T,focus,22297,off,1465279656239
A1DJJGPAHI9NI0:3QAPZX2QN4DHQSWPQTM5S5VYZ4C20T,focus,6024,on,1465279662263
A1DJJGPAHI9NI0:3QAPZX2QN4DHQSWPQTM5S5VYZ4C20T,focus,39606,off,1465279701869
A1DJJGPAHI9NI0:3QAPZX2QN4DHQSWPQTM5S5VYZ4C20T,focus,5805,on,1465279707674
A1FBBY2JJYRMRI:3DY4FPOOA1OENDEQ8GPVE6TW5S3VRR,initialized,0,,1465279093516
A1FBBY2JJYRMRI:3DY4FPOOA1OENDEQ8GPVE6TW5S3VRR,window_resize,0,"[1354, 706]",1465279093516
A1GN1MHAXLJN0Y:3LKC68YZ3A3O5PMF6YDN6D751EMWOU,initialized,0,,1465279185203
A1GN1MHAXLJN0Y:3LKC68YZ3A3O5PMF6YDN6D751EMWOU,window_resize,0,"[1920, 1013]",1465279185203
A1GN1MHAXLJN0Y:3LKC68YZ3A3O5PMF6YDN6D751EMWOU,focus,21386,off,1465279206589
A1GN1MHAXLJN0Y:3LKC68YZ3A3O5PMF6YDN6D751EMWOU,focus,16994,on,1465279223583
A1GN1MHAXLJN0Y:3LKC68YZ3A3O5PMF6YDN6D751EMWOU,focus,1141,off,1465279224724
A1GN1MHAXLJN0Y:3LKC68YZ3A3O5PMF6YDN6D751EMWOU,focus,29038,on,1465279253762
A1GN1MHAXLJN0Y:3LKC68YZ3A3O5PMF6YDN6D751EMWOU,focus,7696,off,1465279261458
A1GN1MHAXLJN0Y:3LKC68YZ3A3O5PMF6YDN6D751EMWOU,focus,1430,on,1465279262888
A1GN1MHAXLJN0Y:3LKC68YZ3A3O5PMF6YDN6D751EMWOU,focus,712,off,1465279263600
A1GN1MHAXLJN0Y:3LKC68YZ3A3O5PMF6YDN6D751EMWOU,focus,19047,on,1465279282647
A1GN1MHAXLJN0Y:3LKC68YZ3A3O5PMF6YDN6D751EMWOU,focus,53908,off,1465279336555
A1GN1MHAXLJN0Y:3LKC68YZ3A3O5PMF6YDN6D751EMWOU,focus,3783,on,1465279340338
A1H19F8SD9YFG3:3QJOXOW4XJR6OMFC8I44S3B0ZA2EMH,initialized,0,,1465279578261
A1H19F8SD9YFG3:3QJOXOW4XJR6OMFC8I44S3B0ZA2EMH,window_resize,1,"[1362, 714]",1465279578262
A1H6AZSS5DQ0KD:3LO69W1SU3DK2ITIE1TDSTHNCLRGLY,initialized,0,,1465279112733
A1H6AZSS5DQ0KD:3LO69W1SU3DK2ITIE1TDSTHNCLRGLY,window_resize,0,"[1904, 1002]",1465279112733
A1H6AZSS5DQ0KD:3LO69W1SU3DK2ITIE1TDSTHNCLRGLY,focus,485,on,1465279113218
A1H6AZSS5DQ0KD:3LO69W1SU3DK2ITIE1TDSTHNCLRGLY,focus,10704,off,1465279123922
A1H6AZSS5DQ0KD:3LO69W1SU3DK2ITIE1TDSTHNCLRGLY,window_resize,207,"[1920, 1018]",1465279124129
A1H6AZSS5DQ0KD:3LO69W1SU3DK2ITIE1TDSTHNCLRGLY,focus,503,on,1465279124632
A1H6AZSS5DQ0KD:3LO69W1SU3DK2ITIE1TDSTHNCLRGLY,focus,854,off,1465279125486
A1H6AZSS5DQ0KD:3LO69W1SU3DK2ITIE1TDSTHNCLRGLY,window_resize,210,"[1904, 1002]",1465279125696
A1H6AZSS5DQ0KD:3LO69W1SU3DK2ITIE1TDSTHNCLRGLY,window_resize,1840,"[1247, 1002]",1465279127536
A1H6AZSS5DQ0KD:3LO69W1SU3DK2ITIE1TDSTHNCLRGLY,focus,413,on,1465279127949
A1IFF4KV23FGHJ:3R2PKQ87NW8I4RHY41UVDI9SR3AIMV,initialized,0,,1465279849610
A1IFF4KV23FGHJ:3R2PKQ87NW8I4RHY41UVDI9SR3AIMV,window_resize,1,"[1916, 1026]",1465279849611
A1JKSAQ8UNCE7B:3IXQG4FA2TYTAZKY9IY9M9ZVWEIB9F,initialized,0,,1465279195448
A1JKSAQ8UNCE7B:3IXQG4FA2TYTAZKY9IY9M9ZVWEIB9F,window_resize,0,"[1350, 665]",1465279195448
A1JKSAQ8UNCE7B:3IXQG4FA2TYTAZKY9IY9M9ZVWEIB9F,focus,522,on,1465279195970
A1K8U4ERJCTIQ5:3LKC68YZ3A3O5PMF6YDN6D751EMOWM,initialized,0,,1465279044856
A1K8U4ERJCTIQ5:3LKC68YZ3A3O5PMF6YDN6D751EMOWM,window_resize,0,"[1424, 782]",1465279044856
A1K8U4ERJCTIQ5:3LKC68YZ3A3O5PMF6YDN6D751EMOWM,focus,269,on,1465279045125
A1K8U4ERJCTIQ5:3LKC68YZ3A3O5PMF6YDN6D751EMOWM,focus,329832,off,1465279374957
A1K8U4ERJCTIQ5:3LKC68YZ3A3O5PMF6YDN6D751EMOWM,focus,7731,on,1465279382688
A1KH1O9AZ7S642:3FE7TXL1LIN5EL1O7RGK7BMGC8A2QR,initialized,0,,1465279720534
A1KH1O9AZ7S642:3FE7TXL1LIN5EL1O7RGK7BMGC8A2QR,window_resize,0,"[1350, 660]",1465279720534
A1KH1O9AZ7S642:3FE7TXL1LIN5EL1O7RGK7BMGC8A2QR,focus,143,on,1465279720677
A1KH1O9AZ7S642:3FE7TXL1LIN5EL1O7RGK7BMGC8A2QR,focus,46691,off,1465279767368
A1KH1O9AZ7S642:3FE7TXL1LIN5EL1O7RGK7BMGC8A2QR,focus,30437,on,1465279797805
A1KH1O9AZ7S642:3FE7TXL1LIN5EL1O7RGK7BMGC8A2QR,focus,70680,off,1465279868485
A1KH1O9AZ7S642:3FE7TXL1LIN5EL1O7RGK7BMGC8A2QR,focus,18347,on,1465279886832
A1LSOULYUQ1P2Z:39LOEL67OS5OTZXBPXDP4U68OGO38S,initialized,0,,1465280067459
A1LSOULYUQ1P2Z:39LOEL67OS5OTZXBPXDP4U68OGO38S,window_resize,0,"[1362, 714]",1465280067459
A1MV41OTGYW0AH:3OWEPKL089CRXPL2XB5YZ88JIDAN76,initialized,0,,1465283081646
A1MV41OTGYW0AH:3OWEPKL089CRXPL2XB5YZ88JIDAN76,window_resize,0,"[1908, 1018]",1465283081646
A1MV41OTGYW0AH:3OWEPKL089CRXPL2XB5YZ88JIDAN76,focus,18562,off,1465283100208
A1MV41OTGYW0AH:3OWEPKL089CRXPL2XB5YZ88JIDAN76,focus,86545,on,1465283186753
A1MV41OTGYW0AH:3OWEPKL089CRXPL2XB5YZ88JIDAN76,focus,39156,off,1465283225909
A1MV41OTGYW0AH:3OWEPKL089CRXPL2XB5YZ88JIDAN76,focus,1349015,on,1465284574924
A1OK974KXKO6FJ:3LJ7UR74RHDUE23JVD7RWWO9RBJ4N2,initialized,0,,1465279022545
A1OK974KXKO6FJ:3LJ7UR74RHDUE23JVD7RWWO9RBJ4N2,window_resize,0,"[1362, 714]",1465279022545
A1OK974KXKO6FJ:3LJ7UR74RHDUE23JVD7RWWO9RBJ4N2,window_resize,194721,"[1362, 424]",1465279217266
A1OK974KXKO6FJ:3LJ7UR74RHDUE23JVD7RWWO9RBJ4N2,window_resize,2654,"[1362, 714]",1465279219920
A1PAY3X73PQ16S:3A4TN5196KI5ZAUNLUIWAA31XCQHCI,initialized,0,,1465279962469
A1PAY3X73PQ16S:3A4TN5196KI5ZAUNLUIWAA31XCQHCI,window_resize,0,"[2556, 1365]",1465279962469
A1PGPQ57A8YJF3:3Z7EFSHGN9E2L0U2QY0IDWRVL29XCR,initialized,0,,1465281860569
A1PGPQ57A8YJF3:3Z7EFSHGN9E2L0U2QY0IDWRVL29XCR,window_resize,0,"[1362, 714]",1465281860569
A1QCOZ8K0044UM:320DUZ38G7ME7S5IBGH0CE4V8WMJGZ,initialized,0,,1465279214718
A1QCOZ8K0044UM:320DUZ38G7ME7S5IBGH0CE4V8WMJGZ,window_resize,0,"[1366, 723]",1465279214718
A1QCOZ8K0044UM:320DUZ38G7ME7S5IBGH0CE4V8WMJGZ,window_resize,4672,"[1366, 679]",1465279219390
A1QX3RFWG2EFWF:3JRJSWSMQHL5207220ZPW42UZJM3ER,initialized,0,,1465280910787
A1QX3RFWG2EFWF:3JRJSWSMQHL5207220ZPW42UZJM3ER,window_resize,0,"[1280, 721]",1465280910787
A1QX3RFWG2EFWF:3JRJSWSMQHL5207220ZPW42UZJM3ER,focus,165685,off,1465281076472
A1QX3RFWG2EFWF:3JRJSWSMQHL5207220ZPW42UZJM3ER,focus,7191,on,1465281083663
A1QX3RFWG2EFWF:3JRJSWSMQHL5207220ZPW42UZJM3ER,focus,3501,off,1465281087164
A1QX3RFWG2EFWF:3JRJSWSMQHL5207220ZPW42UZJM3ER,focus,57843,on,1465281145007
A1QX3RFWG2EFWF:3JRJSWSMQHL5207220ZPW42UZJM3ER,focus,3454,off,1465281148461
A1QX3RFWG2EFWF:3JRJSWSMQHL5207220ZPW42UZJM3ER,focus,10031,on,1465281158492
A1QX3RFWG2EFWF:3JRJSWSMQHL5207220ZPW42UZJM3ER,focus,43557,off,1465281202049
A1QX3RFWG2EFWF:3JRJSWSMQHL5207220ZPW42UZJM3ER,focus,18288,on,1465281220337
A1QX3RFWG2EFWF:3JRJSWSMQHL5207220ZPW42UZJM3ER,focus,62264,off,1465281282601
A1QX3RFWG2EFWF:3JRJSWSMQHL5207220ZPW42UZJM3ER,focus,6591,on,1465281289192
A1QX3RFWG2EFWF:3JRJSWSMQHL5207220ZPW42UZJM3ER,focus,1914,off,1465281291106
A1QX3RFWG2EFWF:3JRJSWSMQHL5207220ZPW42UZJM3ER,focus,29596,on,1465281320702
A1QX3RFWG2EFWF:3JRJSWSMQHL5207220ZPW42UZJM3ER,focus,44465,off,1465281365167
A1QX3RFWG2EFWF:3JRJSWSMQHL5207220ZPW42UZJM3ER,focus,1266,on,1465281366433
A1RWNYJA5X25YH:3B1NLC6UGZWAT38G6TMK9AQ7HVSGPW,initialized,0,,1465279212155
A1RWNYJA5X25YH:3B1NLC6UGZWAT38G6TMK9AQ7HVSGPW,window_resize,1,"[1366, 701]",1465279212156
A1SBH6VKUPSYJZ:36PW28KO4ZW5ML6NBFEZJCG05TDEAX,initialized,0,,1465279394132
A1SBH6VKUPSYJZ:36PW28KO4ZW5ML6NBFEZJCG05TDEAX,window_resize,0,"[1362, 714]",1465279394132
A1SBH6VKUPSYJZ:36PW28KO4ZW5ML6NBFEZJCG05TDEAX,focus,431763,off,1465279825895
A1SBH6VKUPSYJZ:36PW28KO4ZW5ML6NBFEZJCG05TDEAX,focus,1832,on,1465279827727
A1VH48LIPNJNK3:3JJVG1YBEBXA9CIM6SLSATUTAIZB5O,initialized,0,,1465279195792
A1VH48LIPNJNK3:3JJVG1YBEBXA9CIM6SLSATUTAIZB5O,window_resize,0,"[1522, 757]",1465279195792
A1VH48LIPNJNK3:3JJVG1YBEBXA9CIM6SLSATUTAIZB5O,focus,261,on,1465279196053
A1VH48LIPNJNK3:3JJVG1YBEBXA9CIM6SLSATUTAIZB5O,focus,97347,off,1465279293400
A1VH48LIPNJNK3:3JJVG1YBEBXA9CIM6SLSATUTAIZB5O,focus,16339,on,1465279309739
A1VJAEPNA6YARO:32AT8R96GL9QBDP3IFFV8UW9DNEUSQ,initialized,0,,1465279308537
A1VJAEPNA6YARO:32AT8R96GL9QBDP3IFFV8UW9DNEUSQ,window_resize,0,"[1020, 715]",1465279308537
A1VL7507UONPX0:36H9ULYP62U8TS9N0WBIUT4J7HNFJX,initialized,0,,1465279688798
A1VL7507UONPX0:36H9ULYP62U8TS9N0WBIUT4J7HNFJX,window_resize,0,"[1600, 855]",1465279688798
A1W5D2MRLBNBJU:3YT88D1N08Y8O0ZCYMASUZFZJGHK3R,initialized,0,,1465279629196
A1W5D2MRLBNBJU:3YT88D1N08Y8O0ZCYMASUZFZJGHK3R,window_resize,1,"[1920, 1036]",1465279629197
A1W5D2MRLBNBJU:3YT88D1N08Y8O0ZCYMASUZFZJGHK3R,window_resize,10020,"[1920, 1002]",1465279639217
A1W9HHRKSUM956:3TE3O8573085QMGOK65KC1WL8UBR2G,initialized,0,,1465279425069
A1W9HHRKSUM956:3TE3O8573085QMGOK65KC1WL8UBR2G,window_resize,0,"[1582, 778]",1465279425069
A1W9HHRKSUM956:3TE3O8573085QMGOK65KC1WL8UBR2G,focus,676,on,1465279425745
A1W9HHRKSUM956:3TE3O8573085QMGOK65KC1WL8UBR2G,focus,448362,off,1465279874107
A1W9HHRKSUM956:3TE3O8573085QMGOK65KC1WL8UBR2G,focus,8718,on,1465279882825
A1XLKP50VFNDGN:3AQF3RZ558IW5XUGGDHTLPZELB26FH,initialized,0,,1465279136231
A1XLKP50VFNDGN:3AQF3RZ558IW5XUGGDHTLPZELB26FH,window_resize,1,"[1366, 723]",1465279136232
A1XVZCQ983ETMR:3BEFOD78W6TOWKIJJCSRJHZ9ML94M2,initialized,0,,1465279010906
A1XVZCQ983ETMR:3BEFOD78W6TOWKIJJCSRJHZ9ML94M2,window_resize,0,"[1362, 714]",1465279010906
A1XVZCQ983ETMR:3BEFOD78W6TOWKIJJCSRJHZ9ML94M2,focus,2313,off,1465279013219
A1XVZCQ983ETMR:3BEFOD78W6TOWKIJJCSRJHZ9ML94M2,focus,675500,on,1465279688719
A1XVZCQ983ETMR:3BEFOD78W6TOWKIJJCSRJHZ9ML94M2,focus,240745,off,1465279929464
A1XVZCQ983ETMR:3BEFOD78W6TOWKIJJCSRJHZ9ML94M2,focus,7631,on,1465279937095
A1ZT30BGR3266K:3XUHV3NRVKYK0PL86KVOW4XR5V55HZ,initialized,0,,1465279669679
A1ZT30BGR3266K:3XUHV3NRVKYK0PL86KVOW4XR5V55HZ,window_resize,2,"[980, 1230]",1465279669681
A1ZT30BGR3266K:3XUHV3NRVKYK0PL86KVOW4XR5V55HZ,window_resize,52542,"[980, 773]",1465279722223
A1ZT30BGR3266K:3XUHV3NRVKYK0PL86KVOW4XR5V55HZ,window_resize,3044,"[980, 692]",1465279725267
A21FSF2MCK11IR:39JEC7537U1AHBP7QJZ0PBUA5R5VCQ,initialized,0,,1465284887737
A21FSF2MCK11IR:39JEC7537U1AHBP7QJZ0PBUA5R5VCQ,window_resize,0,"[1914, 1018]",1465284887737
A21JFQP5MAYQO2:3300DTYQT2HX91D40BBL9CV59BZEQ4,initialized,0,,1465279638201
A21JFQP5MAYQO2:3300DTYQT2HX91D40BBL9CV59BZEQ4,window_resize,1,"[1674, 988]",1465279638202
A224I9B6RFJZEI:3PJ71Z61R42SX1267L5KGXMMA2R19M,initialized,0,,1465279274674
A224I9B6RFJZEI:3PJ71Z61R42SX1267L5KGXMMA2R19M,window_resize,0,"[1276, 725]",1465279274674
A255RBA8P0K0XV:36DSNE9QZ5Y2Z5MGZZU8HNDXZIDJOM,initialized,0,,1465279198076
A255RBA8P0K0XV:36DSNE9QZ5Y2Z5MGZZU8HNDXZIDJOM,window_resize,0,"[1920, 933]",1465279198076
A255RBA8P0K0XV:36DSNE9QZ5Y2Z5MGZZU8HNDXZIDJOM,focus,6999,off,1465279205075
A255RBA8P0K0XV:36DSNE9QZ5Y2Z5MGZZU8HNDXZIDJOM,focus,93621,on,1465279298696
A255RBA8P0K0XV:36DSNE9QZ5Y2Z5MGZZU8HNDXZIDJOM,focus,26324,off,1465279325020
A255RBA8P0K0XV:36DSNE9QZ5Y2Z5MGZZU8HNDXZIDJOM,focus,1627,on,1465279326647
A27PJPWGD1QVJP:3TYCR1GOTCJKTZON4TH2D0XTNBLZL6,initialized,0,,1465279309403
A27PJPWGD1QVJP:3TYCR1GOTCJKTZON4TH2D0XTNBLZL6,window_resize,0,"[1596, 846]",1465279309403
A27PJPWGD1QVJP:3TYCR1GOTCJKTZON4TH2D0XTNBLZL6,focus,520,off,1465279309923
A27PJPWGD1QVJP:3TYCR1GOTCJKTZON4TH2D0XTNBLZL6,focus,16111,on,1465279326034
A27PJPWGD1QVJP:3TYCR1GOTCJKTZON4TH2D0XTNBLZL6,window_resize,1696,"[1600, 820]",1465279327730
A27PJPWGD1QVJP:3TYCR1GOTCJKTZON4TH2D0XTNBLZL6,window_resize,572,"[1596, 846]",1465279328302
A27PJPWGD1QVJP:3TYCR1GOTCJKTZON4TH2D0XTNBLZL6,window_resize,2039,"[962, 846]",1465279330341
A27PJPWGD1QVJP:3TYCR1GOTCJKTZON4TH2D0XTNBLZL6,focus,2602,off,1465279332943
A27PJPWGD1QVJP:3TYCR1GOTCJKTZON4TH2D0XTNBLZL6,focus,1751,on,1465279334694
A27PJPWGD1QVJP:3TYCR1GOTCJKTZON4TH2D0XTNBLZL6,focus,1880,off,1465279336574
A27PJPWGD1QVJP:3TYCR1GOTCJKTZON4TH2D0XTNBLZL6,focus,4323,on,1465279340897
A27PJPWGD1QVJP:3TYCR1GOTCJKTZON4TH2D0XTNBLZL6,focus,61403,off,1465279402300
A27PJPWGD1QVJP:3TYCR1GOTCJKTZON4TH2D0XTNBLZL6,focus,2642,on,1465279404942
A27PJPWGD1QVJP:3TYCR1GOTCJKTZON4TH2D0XTNBLZL6,focus,28889,off,1465279433831
A27PJPWGD1QVJP:3TYCR1GOTCJKTZON4TH2D0XTNBLZL6,focus,90,on,1465279433921
A27PJPWGD1QVJP:3TYCR1GOTCJKTZON4TH2D0XTNBLZL6,focus,913,off,1465279434834
A27PJPWGD1QVJP:3TYCR1GOTCJKTZON4TH2D0XTNBLZL6,focus,126,on,1465279434960
A27PJPWGD1QVJP:3TYCR1GOTCJKTZON4TH2D0XTNBLZL6,focus,22490,off,1465279457450
A27PJPWGD1QVJP:3TYCR1GOTCJKTZON4TH2D0XTNBLZL6,focus,21778,on,1465279479228
A2A0ME99H0QRFX:384PI804XS1AVRDNK81BJN82XYAS0L,initialized,0,,1465279734777
A2A0ME99H0QRFX:384PI804XS1AVRDNK81BJN82XYAS0L,window_resize,0,"[1280, 661]",1465279734777
A2A0ME99H0QRFX:384PI804XS1AVRDNK81BJN82XYAS0L,focus,490,on,1465279735267
A2A96OIJVXFUTG:3LBXNTKX0RV0N2NZEEQRB6QNFH6X9A,initialized,0,,1465279600743
A2A96OIJVXFUTG:3LBXNTKX0RV0N2NZEEQRB6QNFH6X9A,window_resize,0,"[1280, 657]",1465279600743
A2ADEPVGNNXNPA:3TGOYF991XM6QQH77KAVNVEXYKZUU6,initialized,0,,1465279347228
A2ADEPVGNNXNPA:3TGOYF991XM6QQH77KAVNVEXYKZUU6,window_resize,0,"[1600, 848]",1465279347228
A2BICWCPAW5N7O:339ANSOTR52NE3HVJPHFY5HO2YFIKQ,initialized,0,,1465279836014
A2BICWCPAW5N7O:339ANSOTR52NE3HVJPHFY5HO2YFIKQ,window_resize,1,"[1356, 711]",1465279836015
A2BICWCPAW5N7O:339ANSOTR52NE3HVJPHFY5HO2YFIKQ,window_resize,332067,"[1340, 711]",1465280168082
A2BICWCPAW5N7O:339ANSOTR52NE3HVJPHFY5HO2YFIKQ,window_resize,254,"[1341, 711]",1465280168336
A2BICWCPAW5N7O:339ANSOTR52NE3HVJPHFY5HO2YFIKQ,focus,166914,off,1465280335250
A2BICWCPAW5N7O:339ANSOTR52NE3HVJPHFY5HO2YFIKQ,focus,1005,on,1465280336255
A2BICWCPAW5N7O:339ANSOTR52NE3HVJPHFY5HO2YFIKQ,focus,1480,off,1465280337735
A2BICWCPAW5N7O:339ANSOTR52NE3HVJPHFY5HO2YFIKQ,focus,2451,on,1465280340186
A2BICWCPAW5N7O:339ANSOTR52NE3HVJPHFY5HO2YFIKQ,focus,154572,off,1465280494758
A2BICWCPAW5N7O:339ANSOTR52NE3HVJPHFY5HO2YFIKQ,focus,2826,on,1465280497584
A2BICWCPAW5N7O:339ANSOTR52NE3HVJPHFY5HO2YFIKQ,window_resize,535,"[1366, 688]",1465280498119
A2BICWCPAW5N7O:339ANSOTR52NE3HVJPHFY5HO2YFIKQ,focus,36,off,1465280498155
A2BICWCPAW5N7O:339ANSOTR52NE3HVJPHFY5HO2YFIKQ,focus,95773,on,1465280593928
A2F32KEFTYMVFZ:379J5II41OGMI4XR863PSQWBZ5DLEN,initialized,0,,1465279687764
A2F32KEFTYMVFZ:379J5II41OGMI4XR863PSQWBZ5DLEN,window_resize,0,"[1902, 959]",1465279687764
A2F32KEFTYMVFZ:379J5II41OGMI4XR863PSQWBZ5DLEN,focus,451,on,1465279688215
A2FGP5K2VWW23G:3TE3O8573085QMGOK65KC1WL8UBR2G,initialized,0,,1465279175376
A2FGP5K2VWW23G:3TE3O8573085QMGOK65KC1WL8UBR2G,window_resize,0,"[1280, 696]",1465279175376
A2FGP5K2VWW23G:3TE3O8573085QMGOK65KC1WL8UBR2G,focus,535,on,1465279175911
A2FGP5K2VWW23G:3TE3O8573085QMGOK65KC1WL8UBR2G,focus,50319,off,1465279226230
A2FGP5K2VWW23G:3TE3O8573085QMGOK65KC1WL8UBR2G,focus,7733,on,1465279233963
A2H2A88JFN0FED:36NEMU28XFD05M13TIYAE9I06E7WMF,initialized,0,,1465279135286
A2H2A88JFN0FED:36NEMU28XFD05M13TIYAE9I06E7WMF,window_resize,2,"[1024, 451]",1465279135288
A2H2A88JFN0FED:36NEMU28XFD05M13TIYAE9I06E7WMF,window_resize,554,"[1024, 431]",1465279135842
A2H2A88JFN0FED:36NEMU28XFD05M13TIYAE9I06E7WMF,window_resize,35980,"[1024, 127]",1465279171822
A2H2A88JFN0FED:36NEMU28XFD05M13TIYAE9I06E7WMF,window_resize,13406,"[1024, 431]",1465279185228
A2H2A88JFN0FED:36NEMU28XFD05M13TIYAE9I06E7WMF,window_resize,24802,"[1024, 127]",1465279210030
A2H2A88JFN0FED:36NEMU28XFD05M13TIYAE9I06E7WMF,window_resize,1899,"[1024, 431]",1465279211929
A2H2A88JFN0FED:36NEMU28XFD05M13TIYAE9I06E7WMF,window_resize,5658,"[1024, 127]",1465279217587
A2H2A88JFN0FED:36NEMU28XFD05M13TIYAE9I06E7WMF,window_resize,9908,"[1024, 431]",1465279227495
A2H2A88JFN0FED:36NEMU28XFD05M13TIYAE9I06E7WMF,window_resize,72341,"[1024, 127]",1465279299836
A2H2A88JFN0FED:36NEMU28XFD05M13TIYAE9I06E7WMF,window_resize,4219,"[1024, 431]",1465279304055
A2H2A88JFN0FED:36NEMU28XFD05M13TIYAE9I06E7WMF,window_resize,87122,"[1024, 127]",1465279391177
A2H2A88JFN0FED:36NEMU28XFD05M13TIYAE9I06E7WMF,window_resize,4711,"[1024, 431]",1465279395888
A2H2A88JFN0FED:36NEMU28XFD05M13TIYAE9I06E7WMF,window_resize,39719,"[1024, 127]",1465279435607
A2H2A88JFN0FED:36NEMU28XFD05M13TIYAE9I06E7WMF,window_resize,3297,"[1024, 431]",1465279438904
A2H2A88JFN0FED:36NEMU28XFD05M13TIYAE9I06E7WMF,window_resize,414939,"[1024, 127]",1465279853843
A2H2A88JFN0FED:36NEMU28XFD05M13TIYAE9I06E7WMF,window_resize,7707,"[1024, 431]",1465279861550
A2H2A88JFN0FED:36NEMU28XFD05M13TIYAE9I06E7WMF,window_resize,4914,"[1024, 127]",1465279866464
A2H2A88JFN0FED:36NEMU28XFD05M13TIYAE9I06E7WMF,window_resize,5410,"[1024, 431]",1465279871874
A2H2A88JFN0FED:36NEMU28XFD05M13TIYAE9I06E7WMF,window_resize,13776,"[1024, 127]",1465279885650
A2H2A88JFN0FED:36NEMU28XFD05M13TIYAE9I06E7WMF,window_resize,10961,"[1024, 431]",1465279896611
A2H2A88JFN0FED:36NEMU28XFD05M13TIYAE9I06E7WMF,window_resize,4515,"[1024, 127]",1465279901126
A2H2A88JFN0FED:36NEMU28XFD05M13TIYAE9I06E7WMF,window_resize,22715,"[1024, 431]",1465279923841
A2H2A88JFN0FED:36NEMU28XFD05M13TIYAE9I06E7WMF,window_resize,3010,"[1024, 127]",1465279926851
A2H2A88JFN0FED:36NEMU28XFD05M13TIYAE9I06E7WMF,window_resize,4216,"[1024, 431]",1465279931067
A2H2A88JFN0FED:36NEMU28XFD05M13TIYAE9I06E7WMF,window_resize,2590,"[1024, 127]",1465279933657
A2H2A88JFN0FED:36NEMU28XFD05M13TIYAE9I06E7WMF,window_resize,1461,"[1024, 431]",1465279935118
A2H2A88JFN0FED:36NEMU28XFD05M13TIYAE9I06E7WMF,window_resize,9838,"[1024, 127]",1465279944956
A2H2A88JFN0FED:36NEMU28XFD05M13TIYAE9I06E7WMF,window_resize,102015,"[1024, 431]",1465280046971
A2H2A88JFN0FED:36NEMU28XFD05M13TIYAE9I06E7WMF,window_resize,327674,"[1024, 127]",1465280374645
A2H2A88JFN0FED:36NEMU28XFD05M13TIYAE9I06E7WMF,window_resize,44635,"[1024, 431]",1465280419280
A2H2A88JFN0FED:36NEMU28XFD05M13TIYAE9I06E7WMF,window_resize,46104,"[1024, 127]",1465280465384
A2H2A88JFN0FED:36NEMU28XFD05M13TIYAE9I06E7WMF,window_resize,3450,"[1024, 431]",1465280468834
A2H2A88JFN0FED:36NEMU28XFD05M13TIYAE9I06E7WMF,window_resize,305551,"[1024, 127]",1465280774385
A2H2A88JFN0FED:36NEMU28XFD05M13TIYAE9I06E7WMF,window_resize,3680,"[1024, 431]",1465280778065
A2H2A88JFN0FED:36NEMU28XFD05M13TIYAE9I06E7WMF,window_resize,3340,"[1024, 127]",1465280781405
A2H2A88JFN0FED:36NEMU28XFD05M13TIYAE9I06E7WMF,window_resize,6691,"[1024, 431]",1465280788096
A2H2A88JFN0FED:36NEMU28XFD05M13TIYAE9I06E7WMF,window_resize,4659,"[1024, 127]",1465280792755
A2H2A88JFN0FED:36NEMU28XFD05M13TIYAE9I06E7WMF,window_resize,6346,"[1024, 431]",1465280799101
A2H2A88JFN0FED:36NEMU28XFD05M13TIYAE9I06E7WMF,window_resize,8052,"[1024, 127]",1465280807153
A2H2A88JFN0FED:36NEMU28XFD05M13TIYAE9I06E7WMF,window_resize,15406,"[1024, 431]",1465280822559
A2H2A88JFN0FED:36NEMU28XFD05M13TIYAE9I06E7WMF,window_resize,18948,"[1024, 127]",1465280841507
A2H2A88JFN0FED:36NEMU28XFD05M13TIYAE9I06E7WMF,window_resize,4678,"[1024, 431]",1465280846185
A2H2A88JFN0FED:36NEMU28XFD05M13TIYAE9I06E7WMF,window_resize,37776,"[1024, 127]",1465280883961
A2H2A88JFN0FED:36NEMU28XFD05M13TIYAE9I06E7WMF,window_resize,12926,"[1024, 431]",1465280896887
A2H2A88JFN0FED:36NEMU28XFD05M13TIYAE9I06E7WMF,window_resize,1654,"[1024, 127]",1465280898541
A2H2A88JFN0FED:36NEMU28XFD05M13TIYAE9I06E7WMF,window_resize,2241,"[1024, 431]",1465280900782
A2H2A88JFN0FED:36NEMU28XFD05M13TIYAE9I06E7WMF,window_resize,122118,"[1024, 127]",1465281022900
A2H2A88JFN0FED:36NEMU28XFD05M13TIYAE9I06E7WMF,window_resize,159929,"[1024, 431]",1465281182829
A2H2A88JFN0FED:36NEMU28XFD05M13TIYAE9I06E7WMF,window_resize,2057,"[1024, 127]",1465281184886
A2H2A88JFN0FED:36NEMU28XFD05M13TIYAE9I06E7WMF,window_resize,1371,"[1024, 431]",1465281186257
A2H2A88JFN0FED:36NEMU28XFD05M13TIYAE9I06E7WMF,window_resize,6815,"[1024, 127]",1465281193072
A2H2A88JFN0FED:36NEMU28XFD05M13TIYAE9I06E7WMF,window_resize,3607,"[1024, 431]",1465281196679
A2H2A88JFN0FED:36NEMU28XFD05M13TIYAE9I06E7WMF,window_resize,15912,"[1024, 127]",1465281212591
A2H2A88JFN0FED:36NEMU28XFD05M13TIYAE9I06E7WMF,window_resize,3522,"[1024, 431]",1465281216113
A2H2A88JFN0FED:36NEMU28XFD05M13TIYAE9I06E7WMF,window_resize,2488,"[1024, 127]",1465281218601
A2H2A88JFN0FED:36NEMU28XFD05M13TIYAE9I06E7WMF,window_resize,79109,"[1024, 431]",1465281297710
A2H2A88JFN0FED:36NEMU28XFD05M13TIYAE9I06E7WMF,window_resize,3781,"[1024, 127]",1465281301491
A2H2A88JFN0FED:36NEMU28XFD05M13TIYAE9I06E7WMF,window_resize,22942,"[1024, 431]",1465281324433
A2H2A88JFN0FED:36NEMU28XFD05M13TIYAE9I06E7WMF,window_resize,40672,"[1024, 127]",1465281365105
A2H2A88JFN0FED:36NEMU28XFD05M13TIYAE9I06E7WMF,window_resize,6158,"[1024, 431]",1465281371263
A2H2A88JFN0FED:36NEMU28XFD05M13TIYAE9I06E7WMF,window_resize,2294,"[1024, 127]",1465281373557
A2H2A88JFN0FED:36NEMU28XFD05M13TIYAE9I06E7WMF,window_resize,18200,"[1024, 133]",1465281391757
A2H2A88JFN0FED:36NEMU28XFD05M13TIYAE9I06E7WMF,window_resize,17994,"[1024, 431]",1465281409751
A2H2A88JFN0FED:36NEMU28XFD05M13TIYAE9I06E7WMF,window_resize,249,"[1024, 127]",1465281410000
A2H2A88JFN0FED:36NEMU28XFD05M13TIYAE9I06E7WMF,window_resize,8696,"[1024, 431]",1465281418696
A2H2A88JFN0FED:36NEMU28XFD05M13TIYAE9I06E7WMF,window_resize,21654,"[1024, 127]",1465281440350
A2H2A88JFN0FED:36NEMU28XFD05M13TIYAE9I06E7WMF,window_resize,9373,"[1024, 431]",1465281449723
A2H2A88JFN0FED:36NEMU28XFD05M13TIYAE9I06E7WMF,window_resize,4532,"[1024, 127]",1465281454255
A2H2A88JFN0FED:36NEMU28XFD05M13TIYAE9I06E7WMF,window_resize,2850,"[1024, 431]",1465281457105
A2H2A88JFN0FED:36NEMU28XFD05M13TIYAE9I06E7WMF,window_resize,224841,"[1024, 127]",1465281681946
A2H2A88JFN0FED:36NEMU28XFD05M13TIYAE9I06E7WMF,window_resize,6428,"[1024, 431]",1465281688374
A2H2A88JFN0FED:36NEMU28XFD05M13TIYAE9I06E7WMF,window_resize,2183,"[1024, 127]",1465281690557
A2H2A88JFN0FED:36NEMU28XFD05M13TIYAE9I06E7WMF,window_resize,1967,"[1024, 431]",1465281692524
A2H2A88JFN0FED:36NEMU28XFD05M13TIYAE9I06E7WMF,window_resize,4883,"[1024, 127]",1465281697407
A2H2A88JFN0FED:36NEMU28XFD05M13TIYAE9I06E7WMF,window_resize,7130,"[1024, 431]",1465281704537
A2H2A88JFN0FED:36NEMU28XFD05M13TIYAE9I06E7WMF,window_resize,70791,"[1024, 127]",1465281775328
A2H2A88JFN0FED:36NEMU28XFD05M13TIYAE9I06E7WMF,window_resize,5224,"[1024, 133]",1465281780552
A2H2A88JFN0FED:36NEMU28XFD05M13TIYAE9I06E7WMF,window_resize,11453,"[1024, 431]",1465281792005
A2H2A88JFN0FED:36NEMU28XFD05M13TIYAE9I06E7WMF,window_resize,250,"[1024, 127]",1465281792255
A2H2A88JFN0FED:36NEMU28XFD05M13TIYAE9I06E7WMF,window_resize,28751,"[1024, 127]",1465281821006
A2H2A88JFN0FED:36NEMU28XFD05M13TIYAE9I06E7WMF,window_resize,62493,"[1024, 431]",1465281883499
A2H2A88JFN0FED:36NEMU28XFD05M13TIYAE9I06E7WMF,window_resize,16567,"[1024, 127]",1465281900066
A2H2A88JFN0FED:36NEMU28XFD05M13TIYAE9I06E7WMF,window_resize,21448,"[1024, 431]",1465281921514
A2H2A88JFN0FED:36NEMU28XFD05M13TIYAE9I06E7WMF,window_resize,47009,"[1024, 127]",1465281968523
A2H2A88JFN0FED:36NEMU28XFD05M13TIYAE9I06E7WMF,window_resize,13080,"[1024, 431]",1465281981603
A2H2A88JFN0FED:36NEMU28XFD05M13TIYAE9I06E7WMF,window_resize,22605,"[1024, 127]",1465282004208
A2H2A88JFN0FED:36NEMU28XFD05M13TIYAE9I06E7WMF,window_resize,8644,"[1024, 431]",1465282012852
A2H2A88JFN0FED:36NEMU28XFD05M13TIYAE9I06E7WMF,window_resize,4423,"[1024, 127]",1465282017275
A2H2A88JFN0FED:36NEMU28XFD05M13TIYAE9I06E7WMF,window_resize,1319,"[1024, 431]",1465282018594
A2H2A88JFN0FED:36NEMU28XFD05M13TIYAE9I06E7WMF,window_resize,1209,"[1024, 127]",1465282019803
A2H2A88JFN0FED:36NEMU28XFD05M13TIYAE9I06E7WMF,window_resize,6885,"[1024, 431]",1465282026688
A2H2A88JFN0FED:36NEMU28XFD05M13TIYAE9I06E7WMF,window_resize,52107,"[1024, 127]",1465282078795
A2H2A88JFN0FED:36NEMU28XFD05M13TIYAE9I06E7WMF,window_resize,31892,"[1024, 431]",1465282110687
A2H2A88JFN0FED:36NEMU28XFD05M13TIYAE9I06E7WMF,window_resize,2885,"[1024, 127]",1465282113572
A2H2A88JFN0FED:36NEMU28XFD05M13TIYAE9I06E7WMF,window_resize,4606,"[1024, 431]",1465282118178
A2H2A88JFN0FED:36NEMU28XFD05M13TIYAE9I06E7WMF,window_resize,224458,"[1024, 127]",1465282342636
A2H2A88JFN0FED:36NEMU28XFD05M13TIYAE9I06E7WMF,window_resize,3766,"[1024, 431]",1465282346402
A2H2A88JFN0FED:36NEMU28XFD05M13TIYAE9I06E7WMF,window_resize,1406,"[1024, 127]",1465282347808
A2H2A88JFN0FED:36NEMU28XFD05M13TIYAE9I06E7WMF,window_resize,5921,"[1024, 431]",1465282353729
A2H2A88JFN0FED:36NEMU28XFD05M13TIYAE9I06E7WMF,window_resize,2915,"[1024, 127]",1465282356644
A2H2A88JFN0FED:36NEMU28XFD05M13TIYAE9I06E7WMF,window_resize,8510,"[1024, 431]",1465282365154
A2H2A88JFN0FED:36NEMU28XFD05M13TIYAE9I06E7WMF,window_resize,3972,"[1024, 127]",1465282369126
A2H2A88JFN0FED:36NEMU28XFD05M13TIYAE9I06E7WMF,window_resize,1651,"[1024, 431]",1465282370777
A2H2A88JFN0FED:36NEMU28XFD05M13TIYAE9I06E7WMF,window_resize,1710,"[1024, 127]",1465282372487
A2H2A88JFN0FED:36NEMU28XFD05M13TIYAE9I06E7WMF,window_resize,25491,"[1024, 431]",1465282397978
A2H2A88JFN0FED:36NEMU28XFD05M13TIYAE9I06E7WMF,window_resize,9966,"[1024, 127]",1465282407944
A2H2A88JFN0FED:36NEMU28XFD05M13TIYAE9I06E7WMF,window_resize,6201,"[1024, 431]",1465282414145
A2H2A88JFN0FED:36NEMU28XFD05M13TIYAE9I06E7WMF,window_resize,9280,"[1024, 127]",1465282423425
A2H2A88JFN0FED:36NEMU28XFD05M13TIYAE9I06E7WMF,window_resize,3936,"[1024, 431]",1465282427361
A2H2A88JFN0FED:36NEMU28XFD05M13TIYAE9I06E7WMF,window_resize,3942,"[1024, 127]",1465282431303
A2H2A88JFN0FED:36NEMU28XFD05M13TIYAE9I06E7WMF,window_resize,9338,"[1024, 431]",1465282440641
A2H2A88JFN0FED:36NEMU28XFD05M13TIYAE9I06E7WMF,window_resize,12820,"[1024, 127]",1465282453461
A2H2A88JFN0FED:36NEMU28XFD05M13TIYAE9I06E7WMF,window_resize,6336,"[1024, 431]",1465282459797
A2H2A88JFN0FED:36NEMU28XFD05M13TIYAE9I06E7WMF,window_resize,4574,"[1024, 127]",1465282464371
A2H2A88JFN0FED:36NEMU28XFD05M13TIYAE9I06E7WMF,window_resize,48060,"[1024, 431]",1465282512431
A2H2A88JFN0FED:36NEMU28XFD05M13TIYAE9I06E7WMF,window_resize,1475,"[1024, 127]",1465282513906
A2H2A88JFN0FED:36NEMU28XFD05M13TIYAE9I06E7WMF,window_resize,3983,"[1024, 133]",1465282517889
A2H2A88JFN0FED:36NEMU28XFD05M13TIYAE9I06E7WMF,window_resize,18918,"[1024, 431]",1465282536807
A2H2A88JFN0FED:36NEMU28XFD05M13TIYAE9I06E7WMF,window_resize,19114,"[1024, 127]",1465282555921
A2H2A88JFN0FED:36NEMU28XFD05M13TIYAE9I06E7WMF,window_resize,65087,"[1024, 127]",1465282621008
A2H2A88JFN0FED:36NEMU28XFD05M13TIYAE9I06E7WMF,window_resize,5522,"[1024, 431]",1465282626530
A2H2A88JFN0FED:36NEMU28XFD05M13TIYAE9I06E7WMF,window_resize,1011,"[1024, 127]",1465282627541
A2H2A88JFN0FED:36NEMU28XFD05M13TIYAE9I06E7WMF,window_resize,70324,"[1024, 431]",1465282697865
A2H2A88JFN0FED:36NEMU28XFD05M13TIYAE9I06E7WMF,window_resize,3036,"[1024, 127]",1465282700901
A2H2A88JFN0FED:36NEMU28XFD05M13TIYAE9I06E7WMF,window_resize,4019,"[1024, 431]",1465282704920
A2H2A88JFN0FED:36NEMU28XFD05M13TIYAE9I06E7WMF,window_resize,3715,"[1024, 127]",1465282708635
A2H2A88JFN0FED:36NEMU28XFD05M13TIYAE9I06E7WMF,window_resize,22237,"[1024, 431]",1465282730872
A2H2A88JFN0FED:36NEMU28XFD05M13TIYAE9I06E7WMF,window_resize,257,"[1024, 127]",1465282731129
A2H2A88JFN0FED:36NEMU28XFD05M13TIYAE9I06E7WMF,window_resize,19555,"[1024, 431]",1465282750684
A2H2A88JFN0FED:36NEMU28XFD05M13TIYAE9I06E7WMF,window_resize,6205,"[1024, 127]",1465282756889
A2H2A88JFN0FED:36NEMU28XFD05M13TIYAE9I06E7WMF,window_resize,2137,"[1024, 431]",1465282759026
A2H2A88JFN0FED:36NEMU28XFD05M13TIYAE9I06E7WMF,window_resize,7167,"[1024, 527]",1465282766193
A2H2A88JFN0FED:36NEMU28XFD05M13TIYAE9I06E7WMF,window_resize,2825,"[1024, 127]",1465282769018
A2H2A88JFN0FED:36NEMU28XFD05M13TIYAE9I06E7WMF,window_resize,79645,"[1024, 431]",1465282848663
A2HSCKH5NKN5LP:3R08VXYT7CVHKJUGPCWLVRLABPH7WK,initialized,0,,1465284841137
A2HSCKH5NKN5LP:3R08VXYT7CVHKJUGPCWLVRLABPH7WK,window_resize,0,"[1916, 1026]",1465284841137
A2HSCKH5NKN5LP:3R08VXYT7CVHKJUGPCWLVRLABPH7WK,focus,124663,off,1465284965800
A2HSCKH5NKN5LP:3R08VXYT7CVHKJUGPCWLVRLABPH7WK,focus,6480,on,1465284972280
A2KFOOEQWGN0GK:39O5D9O87TSQ52NO69TU6G2RE78C36,initialized,0,,1465279907765
A2KFOOEQWGN0GK:39O5D9O87TSQ52NO69TU6G2RE78C36,window_resize,0,"[1362, 714]",1465279907765
A2KG59JUICJLP0:3PM8NZGV8YG6F14LVG1DX1GCPHAQXP,initialized,0,,1465279124189
A2KG59JUICJLP0:3PM8NZGV8YG6F14LVG1DX1GCPHAQXP,window_resize,0,"[1315, 693]",1465279124189
A2KG59JUICJLP0:3PM8NZGV8YG6F14LVG1DX1GCPHAQXP,focus,121513,off,1465279245702
A2KG59JUICJLP0:3PM8NZGV8YG6F14LVG1DX1GCPHAQXP,focus,3205,on,1465279248907
A2KG59JUICJLP0:3PM8NZGV8YG6F14LVG1DX1GCPHAQXP,focus,128886,off,1465279377793
A2KG59JUICJLP0:3PM8NZGV8YG6F14LVG1DX1GCPHAQXP,focus,20524,on,1465279398317
A2KG59JUICJLP0:3PM8NZGV8YG6F14LVG1DX1GCPHAQXP,focus,27746,off,1465279426063
A2KG59JUICJLP0:3PM8NZGV8YG6F14LVG1DX1GCPHAQXP,focus,2665,on,1465279428728
A2KIXN6WDY8WJA:3D3VGR7TA0FUB4C7O6JPVB1DE8BR3R,initialized,0,,1465279117423
A2KIXN6WDY8WJA:3D3VGR7TA0FUB4C7O6JPVB1DE8BR3R,window_resize,0,"[1916, 1026]",1465279117423
A2KIXN6WDY8WJA:3D3VGR7TA0FUB4C7O6JPVB1DE8BR3R,focus,263864,off,1465279381287
A2KIXN6WDY8WJA:3D3VGR7TA0FUB4C7O6JPVB1DE8BR3R,focus,2699,on,1465279383986
A2KIXN6WDY8WJA:3D3VGR7TA0FUB4C7O6JPVB1DE8BR3R,focus,29171,off,1465279413157
A2KIXN6WDY8WJA:3D3VGR7TA0FUB4C7O6JPVB1DE8BR3R,focus,10216,on,1465279423373
A2KIXN6WDY8WJA:3D3VGR7TA0FUB4C7O6JPVB1DE8BR3R,focus,11924,off,1465279435297
A2KIXN6WDY8WJA:3D3VGR7TA0FUB4C7O6JPVB1DE8BR3R,focus,11240,on,1465279446537
A2KIXN6WDY8WJA:3D3VGR7TA0FUB4C7O6JPVB1DE8BR3R,focus,5860,off,1465279452397
A2KIXN6WDY8WJA:3D3VGR7TA0FUB4C7O6JPVB1DE8BR3R,focus,5403,on,1465279457800
A2KIXN6WDY8WJA:3D3VGR7TA0FUB4C7O6JPVB1DE8BR3R,focus,108358,off,1465279566158
A2KIXN6WDY8WJA:3D3VGR7TA0FUB4C7O6JPVB1DE8BR3R,focus,1701,on,1465279567859
A2KIXN6WDY8WJA:3D3VGR7TA0FUB4C7O6JPVB1DE8BR3R,focus,85467,off,1465279653326
A2KIXN6WDY8WJA:3D3VGR7TA0FUB4C7O6JPVB1DE8BR3R,focus,33997,on,1465279687323
A2MG1LLIKMGAMX:3DHE4R9OCWBE1W7A4VB8DXIE6L12GW,initialized,0,,1465279488218
A2MG1LLIKMGAMX:3DHE4R9OCWBE1W7A4VB8DXIE6L12GW,window_resize,0,"[1596, 846]",1465279488218
A2PFTBGIF2Q6LJ:3KJYX6QCM9BXPPVD0BGMCF75VBAVJ0,initialized,0,,1465279831398
A2PFTBGIF2Q6LJ:3KJYX6QCM9BXPPVD0BGMCF75VBAVJ0,window_resize,0,"[1596, 846]",1465279831398
A2SMROLJ39OR74:3D4CH1LGEATP1GS9P4QNNKQSCRA9GU,initialized,0,,1465279232978
A2SMROLJ39OR74:3D4CH1LGEATP1GS9P4QNNKQSCRA9GU,window_resize,0,"[1897, 1018]",1465279232978
A2T7L6TYFYQJYA:3HQUKB7LNFEWGI537MWXL10HA4VHHR,initialized,0,,1465279720063
A2T7L6TYFYQJYA:3HQUKB7LNFEWGI537MWXL10HA4VHHR,window_resize,0,"[1584, 782]",1465279720063
A2T7L6TYFYQJYA:3HQUKB7LNFEWGI537MWXL10HA4VHHR,focus,412,on,1465279720475
A2T7L6TYFYQJYA:3HQUKB7LNFEWGI537MWXL10HA4VHHR,window_resize,184467,"[1573, 782]",1465279904942
A2U6JBCP2IFLT5:36NEMU28XFD05M13TIYAE9I06E7WMF,initialized,0,,1465282765979
A2U6JBCP2IFLT5:36NEMU28XFD05M13TIYAE9I06E7WMF,window_resize,1,"[1354, 706]",1465282765980
A2UKE5M4IZP49P:3U4J9857OEBPWGW5UL0P8D8P1OVB74,initialized,0,,1465280355839
A2UKE5M4IZP49P:3U4J9857OEBPWGW5UL0P8D8P1OVB74,window_resize,0,"[1338, 711]",1465280355839
A2UKE5M4IZP49P:3U4J9857OEBPWGW5UL0P8D8P1OVB74,focus,263604,off,1465280619443
A2UKE5M4IZP49P:3U4J9857OEBPWGW5UL0P8D8P1OVB74,focus,34001,on,1465280653444
A2UKE5M4IZP49P:3U4J9857OEBPWGW5UL0P8D8P1OVB74,focus,100187,off,1465280753631
A2UKE5M4IZP49P:3U4J9857OEBPWGW5UL0P8D8P1OVB74,focus,9649,on,1465280763280
A2UXA2EV8PE3IP:39RP059MEHT8HJ3SYR2ERV5FWDPBME,initialized,0,,1465279412922
A2UXA2EV8PE3IP:39RP059MEHT8HJ3SYR2ERV5FWDPBME,window_resize,0,"[1360, 768]",1465279412922
A2UXA2EV8PE3IP:39RP059MEHT8HJ3SYR2ERV5FWDPBME,focus,2322,off,1465279415244
A2UXA2EV8PE3IP:39RP059MEHT8HJ3SYR2ERV5FWDPBME,focus,7216,on,1465279422460
A2UXA2EV8PE3IP:39RP059MEHT8HJ3SYR2ERV5FWDPBME,focus,28331,off,1465279450791
A2UXA2EV8PE3IP:39RP059MEHT8HJ3SYR2ERV5FWDPBME,focus,6011,on,1465279456802
A2UXA2EV8PE3IP:39RP059MEHT8HJ3SYR2ERV5FWDPBME,focus,59676,off,1465279516478
A2UXA2EV8PE3IP:39RP059MEHT8HJ3SYR2ERV5FWDPBME,focus,56761,on,1465279573239
A2UXA2EV8PE3IP:39RP059MEHT8HJ3SYR2ERV5FWDPBME,focus,265391,off,1465279838630
A2UXA2EV8PE3IP:39RP059MEHT8HJ3SYR2ERV5FWDPBME,focus,56569,on,1465279895199
A2WQT33K6LD9Z5:3QAPZX2QN4DHQSWPQTM5S5VYZ4C20T,initialized,0,,1465279102984
A2WQT33K6LD9Z5:3QAPZX2QN4DHQSWPQTM5S5VYZ4C20T,window_resize,0,"[1920, 1035]",1465279102984
A2XC9QKBZN6PLH:3T111IHZ5EQGQ61N5FKZMO4ZE0LR98,initialized,0,,1465279137653
A2XC9QKBZN6PLH:3T111IHZ5EQGQ61N5FKZMO4ZE0LR98,window_resize,0,"[1440, 855]",1465279137653
A2XC9QKBZN6PLH:3T111IHZ5EQGQ61N5FKZMO4ZE0LR98,focus,102819,off,1465279240472
A2XC9QKBZN6PLH:3T111IHZ5EQGQ61N5FKZMO4ZE0LR98,focus,157035,on,1465279397507
A2XCVFVZHUA06C:340UGXU9DY163567CAK0JHGGCR7VUV,initialized,0,,1465279129848
A2XCVFVZHUA06C:340UGXU9DY163567CAK0JHGGCR7VUV,window_resize,0,"[1366, 723]",1465279129848
A2Y23D9C3JIWGB:3P1L2B7AD1P8UVAG2K6LX2QP37ILOQ,initialized,0,,1465280451956
A2Y23D9C3JIWGB:3P1L2B7AD1P8UVAG2K6LX2QP37ILOQ,window_resize,0,"[1440, 760]",1465280451956
A2YY0BNGDP7QW6:3DIP6YHAPCSR3XD8EHULNLA5F5DE8T,initialized,0,,1465279314801
A2YY0BNGDP7QW6:3DIP6YHAPCSR3XD8EHULNLA5F5DE8T,window_resize,1,"[1366, 723]",1465279314802
A303TS8VR5MD0:3TK8OJTYM1LTB0YBVOL69BTH4AFVPZ,initialized,0,,1465279074480
A303TS8VR5MD0:3TK8OJTYM1LTB0YBVOL69BTH4AFVPZ,window_resize,0,"[1366, 723]",1465279074480
A303TS8VR5MD0:3TK8OJTYM1LTB0YBVOL69BTH4AFVPZ,focus,79897,off,1465279154377
A303TS8VR5MD0:3TK8OJTYM1LTB0YBVOL69BTH4AFVPZ,focus,10428,on,1465279164805
A303TS8VR5MD0:3TK8OJTYM1LTB0YBVOL69BTH4AFVPZ,focus,129289,off,1465279294094
A303TS8VR5MD0:3TK8OJTYM1LTB0YBVOL69BTH4AFVPZ,focus,15100,on,1465279309194
A3083883A6RJES:3H0W84IWBK2XL2S4DQ0LE25A5X1REI,initialized,0,,1465279321299
A3083883A6RJES:3H0W84IWBK2XL2S4DQ0LE25A5X1REI,window_resize,0,"[1403, 825]",1465279321299
A3083883A6RJES:3H0W84IWBK2XL2S4DQ0LE25A5X1REI,focus,110962,off,1465279432261
A3083883A6RJES:3H0W84IWBK2XL2S4DQ0LE25A5X1REI,focus,107501,on,1465279539762
A3306V31RCNYIT:39L1G8WVWQR6IZDQQC4APKJ0AAH135,initialized,0,,1465279100309
A3306V31RCNYIT:39L1G8WVWQR6IZDQQC4APKJ0AAH135,window_resize,0,"[1366, 651]",1465279100309
A3306V31RCNYIT:39L1G8WVWQR6IZDQQC4APKJ0AAH135,focus,293,on,1465279100602
A33O9E4GYAJ4FI:3M1CVSFP605UJOWSK69ZDT5EOW1QAL,initialized,0,,1465279914619
A33O9E4GYAJ4FI:3M1CVSFP605UJOWSK69ZDT5EOW1QAL,window_resize,0,"[1362, 715]",1465279914619
A33O9E4GYAJ4FI:3M1CVSFP605UJOWSK69ZDT5EOW1QAL,focus,244711,off,1465280159330
A33O9E4GYAJ4FI:3M1CVSFP605UJOWSK69ZDT5EOW1QAL,focus,55788,on,1465280215118
A33O9E4GYAJ4FI:3M1CVSFP605UJOWSK69ZDT5EOW1QAL,focus,195435,off,1465280410553
A33O9E4GYAJ4FI:3M1CVSFP605UJOWSK69ZDT5EOW1QAL,focus,21578,on,1465280432131
A341JN8JCY05H1:30OG32W0SUBC640CKJJ45I0040CENH,initialized,0,,1465279959461
A341JN8JCY05H1:30OG32W0SUBC640CKJJ45I0040CENH,window_resize,0,"[1280, 979]",1465279959461
A341JN8JCY05H1:30OG32W0SUBC640CKJJ45I0040CENH,window_resize,134737,"[624, 919]",1465280094198
A341JN8JCY05H1:30OG32W0SUBC640CKJJ45I0040CENH,focus,589,off,1465280094787
A341JN8JCY05H1:30OG32W0SUBC640CKJJ45I0040CENH,focus,19588,on,1465280114375
A341JN8JCY05H1:30OG32W0SUBC640CKJJ45I0040CENH,focus,15450,off,1465280129825
A341JN8JCY05H1:30OG32W0SUBC640CKJJ45I0040CENH,focus,4676,on,1465280134501
A341JN8JCY05H1:30OG32W0SUBC640CKJJ45I0040CENH,focus,509,off,1465280135010
A341JN8JCY05H1:30OG32W0SUBC640CKJJ45I0040CENH,focus,4428,on,1465280139438
A375OH1S7FO7L8:3Z4GS9HPNVA2U4TFH4O93BMTIY477E,initialized,0,,1465279266150
A375OH1S7FO7L8:3Z4GS9HPNVA2U4TFH4O93BMTIY477E,window_resize,0,"[1406, 750]",1465279266150
A375OH1S7FO7L8:3Z4GS9HPNVA2U4TFH4O93BMTIY477E,focus,584,on,1465279266734
A375OH1S7FO7L8:3Z4GS9HPNVA2U4TFH4O93BMTIY477E,focus,93938,off,1465279360672
A375OH1S7FO7L8:3Z4GS9HPNVA2U4TFH4O93BMTIY477E,focus,3091,on,1465279363763
A375OH1S7FO7L8:3Z4GS9HPNVA2U4TFH4O93BMTIY477E,focus,203279,off,1465279567042
A375OH1S7FO7L8:3Z4GS9HPNVA2U4TFH4O93BMTIY477E,focus,1561,on,1465279568603
A375OH1S7FO7L8:3Z4GS9HPNVA2U4TFH4O93BMTIY477E,focus,21882,off,1465279590485
A375OH1S7FO7L8:3Z4GS9HPNVA2U4TFH4O93BMTIY477E,focus,2551,on,1465279593036
A39KHMYFO61LKN:3ZSY5X72NXBJXT5T743HJEZO9Z7ROM,initialized,0,,1465279496732
A39KHMYFO61LKN:3ZSY5X72NXBJXT5T743HJEZO9Z7ROM,window_resize,0,"[1582, 779]",1465279496732
A39KHMYFO61LKN:3ZSY5X72NXBJXT5T743HJEZO9Z7ROM,focus,504,on,1465279497236
A39KHMYFO61LKN:3ZSY5X72NXBJXT5T743HJEZO9Z7ROM,focus,2707,off,1465279499943
A39KHMYFO61LKN:3ZSY5X72NXBJXT5T743HJEZO9Z7ROM,focus,8396,on,1465279508339
A39KHMYFO61LKN:3ZSY5X72NXBJXT5T743HJEZO9Z7ROM,focus,661,off,1465279509000
A39KHMYFO61LKN:3ZSY5X72NXBJXT5T743HJEZO9Z7ROM,focus,3782,on,1465279512782
A39KHMYFO61LKN:3ZSY5X72NXBJXT5T743HJEZO9Z7ROM,focus,689,off,1465279513471
A39KHMYFO61LKN:3ZSY5X72NXBJXT5T743HJEZO9Z7ROM,focus,9525,on,1465279522996
A39KHMYFO61LKN:3ZSY5X72NXBJXT5T743HJEZO9Z7ROM,focus,19597,off,1465279542593
A39KHMYFO61LKN:3ZSY5X72NXBJXT5T743HJEZO9Z7ROM,focus,1591,on,1465279544184
A39KHMYFO61LKN:3ZSY5X72NXBJXT5T743HJEZO9Z7ROM,focus,159,off,1465279544343
A39KHMYFO61LKN:3ZSY5X72NXBJXT5T743HJEZO9Z7ROM,focus,3000,on,1465279547343
A39KHMYFO61LKN:3ZSY5X72NXBJXT5T743HJEZO9Z7ROM,focus,136806,off,1465279684149
A39KHMYFO61LKN:3ZSY5X72NXBJXT5T743HJEZO9Z7ROM,focus,2915,on,1465279687064
A39KHMYFO61LKN:3ZSY5X72NXBJXT5T743HJEZO9Z7ROM,focus,129549,off,1465279816613
A39KHMYFO61LKN:3ZSY5X72NXBJXT5T743HJEZO9Z7ROM,focus,6372,on,1465279822985
A39KHMYFO61LKN:3ZSY5X72NXBJXT5T743HJEZO9Z7ROM,focus,962,off,1465279823947
A39KHMYFO61LKN:3ZSY5X72NXBJXT5T743HJEZO9Z7ROM,focus,5190,on,1465279829137
A39KHMYFO61LKN:3ZSY5X72NXBJXT5T743HJEZO9Z7ROM,focus,111527,off,1465279940664
A39KHMYFO61LKN:3ZSY5X72NXBJXT5T743HJEZO9Z7ROM,focus,9827,on,1465279950491
A39KHMYFO61LKN:3ZSY5X72NXBJXT5T743HJEZO9Z7ROM,window_resize,267,"[1600, 796]",1465279950758
A39KHMYFO61LKN:3ZSY5X72NXBJXT5T743HJEZO9Z7ROM,focus,1335,off,1465279952093
A39KHMYFO61LKN:3ZSY5X72NXBJXT5T743HJEZO9Z7ROM,window_resize,224,"[1582, 779]",1465279952317
A3BLPCIHKXKYY:3P1L2B7AD1P8UVAG2K6LX2QP37ILOQ,initialized,0,,1465278971592
A3BLPCIHKXKYY:3P1L2B7AD1P8UVAG2K6LX2QP37ILOQ,window_resize,0,"[1264, 720]",1465278971592
A3BLPCIHKXKYY:3P1L2B7AD1P8UVAG2K6LX2QP37ILOQ,focus,3615,off,1465278975207
A3BLPCIHKXKYY:3P1L2B7AD1P8UVAG2K6LX2QP37ILOQ,focus,16575,on,1465278991782
A3BLPCIHKXKYY:3P1L2B7AD1P8UVAG2K6LX2QP37ILOQ,window_resize,41030,"[1258, 720]",1465279032812
A3CIZUVZ9ASZ0Q:3907X2AHF05KE9097E1V76W67CNP2M,initialized,0,,1465279096926
A3CIZUVZ9ASZ0Q:3907X2AHF05KE9097E1V76W67CNP2M,window_resize,0,"[1366, 723]",1465279096926
A3CIZUVZ9ASZ0Q:3907X2AHF05KE9097E1V76W67CNP2M,focus,50305,off,1465279147231
A3CIZUVZ9ASZ0Q:3907X2AHF05KE9097E1V76W67CNP2M,focus,7911,on,1465279155142
A3CIZUVZ9ASZ0Q:3907X2AHF05KE9097E1V76W67CNP2M,focus,7650,off,1465279162792
A3CIZUVZ9ASZ0Q:3907X2AHF05KE9097E1V76W67CNP2M,focus,14215,on,1465279177007
A3CIZUVZ9ASZ0Q:3907X2AHF05KE9097E1V76W67CNP2M,focus,14837,off,1465279191844
A3CIZUVZ9ASZ0Q:3907X2AHF05KE9097E1V76W67CNP2M,focus,34275,on,1465279226119
A3CIZUVZ9ASZ0Q:3907X2AHF05KE9097E1V76W67CNP2M,focus,23656,off,1465279249775
A3CIZUVZ9ASZ0Q:3907X2AHF05KE9097E1V76W67CNP2M,focus,11439,on,1465279261214
A3CIZUVZ9ASZ0Q:3907X2AHF05KE9097E1V76W67CNP2M,focus,3245,off,1465279264459
A3CIZUVZ9ASZ0Q:3907X2AHF05KE9097E1V76W67CNP2M,focus,13564,on,1465279278023
A3CIZUVZ9ASZ0Q:3907X2AHF05KE9097E1V76W67CNP2M,focus,4120,off,1465279282143
A3CIZUVZ9ASZ0Q:3907X2AHF05KE9097E1V76W67CNP2M,focus,35679,on,1465279317822
A3CIZUVZ9ASZ0Q:3907X2AHF05KE9097E1V76W67CNP2M,focus,8519,off,1465279326341
A3CIZUVZ9ASZ0Q:3907X2AHF05KE9097E1V76W67CNP2M,focus,21305,on,1465279347646
A3CIZUVZ9ASZ0Q:3907X2AHF05KE9097E1V76W67CNP2M,focus,8078,off,1465279355724
A3CIZUVZ9ASZ0Q:3907X2AHF05KE9097E1V76W67CNP2M,focus,10835,on,1465279366559
A3CIZUVZ9ASZ0Q:3907X2AHF05KE9097E1V76W67CNP2M,focus,11790,off,1465279378349
A3CIZUVZ9ASZ0Q:3907X2AHF05KE9097E1V76W67CNP2M,focus,8731,on,1465279387080
A3CIZUVZ9ASZ0Q:3907X2AHF05KE9097E1V76W67CNP2M,focus,2990,off,1465279390070
A3CIZUVZ9ASZ0Q:3907X2AHF05KE9097E1V76W67CNP2M,focus,9830,on,1465279399900
A3CIZUVZ9ASZ0Q:3907X2AHF05KE9097E1V76W67CNP2M,focus,6283,off,1465279406183
A3CIZUVZ9ASZ0Q:3907X2AHF05KE9097E1V76W67CNP2M,focus,21127,on,1465279427310
A3CIZUVZ9ASZ0Q:3907X2AHF05KE9097E1V76W67CNP2M,focus,3456,off,1465279430766
A3CIZUVZ9ASZ0Q:3907X2AHF05KE9097E1V76W67CNP2M,focus,42537,on,1465279473303
A3CIZUVZ9ASZ0Q:3907X2AHF05KE9097E1V76W67CNP2M,focus,3914,off,1465279477217
A3CIZUVZ9ASZ0Q:3907X2AHF05KE9097E1V76W67CNP2M,focus,10386,on,1465279487603
A3CIZUVZ9ASZ0Q:3907X2AHF05KE9097E1V76W67CNP2M,focus,8740,off,1465279496343
A3CIZUVZ9ASZ0Q:3907X2AHF05KE9097E1V76W67CNP2M,focus,24143,on,1465279520486
A3CIZUVZ9ASZ0Q:3907X2AHF05KE9097E1V76W67CNP2M,focus,10849,off,1465279531335
A3CIZUVZ9ASZ0Q:3907X2AHF05KE9097E1V76W67CNP2M,focus,7583,on,1465279538918
A3CIZUVZ9ASZ0Q:3907X2AHF05KE9097E1V76W67CNP2M,focus,7243,off,1465279546161
A3CIZUVZ9ASZ0Q:3907X2AHF05KE9097E1V76W67CNP2M,focus,5517,on,1465279551678
A3CIZUVZ9ASZ0Q:3907X2AHF05KE9097E1V76W67CNP2M,focus,10061,off,1465279561739
A3CIZUVZ9ASZ0Q:3907X2AHF05KE9097E1V76W67CNP2M,focus,20548,on,1465279582287
A3CIZUVZ9ASZ0Q:3907X2AHF05KE9097E1V76W67CNP2M,focus,2985,off,1465279585272
A3CIZUVZ9ASZ0Q:3907X2AHF05KE9097E1V76W67CNP2M,focus,20610,on,1465279605882
A3CIZUVZ9ASZ0Q:3907X2AHF05KE9097E1V76W67CNP2M,focus,4555,off,1465279610437
A3CIZUVZ9ASZ0Q:3907X2AHF05KE9097E1V76W67CNP2M,focus,22884,on,1465279633321
A3CIZUVZ9ASZ0Q:3907X2AHF05KE9097E1V76W67CNP2M,focus,6839,off,1465279640160
A3CIZUVZ9ASZ0Q:3907X2AHF05KE9097E1V76W67CNP2M,focus,16646,on,1465279656806
A3CIZUVZ9ASZ0Q:3907X2AHF05KE9097E1V76W67CNP2M,focus,7946,off,1465279664752
A3CIZUVZ9ASZ0Q:3907X2AHF05KE9097E1V76W67CNP2M,focus,2730,on,1465279667482
A3CIZUVZ9ASZ0Q:3907X2AHF05KE9097E1V76W67CNP2M,focus,4962,off,1465279672444
A3CIZUVZ9ASZ0Q:3907X2AHF05KE9097E1V76W67CNP2M,focus,42359,on,1465279714803
A3CIZUVZ9ASZ0Q:3907X2AHF05KE9097E1V76W67CNP2M,focus,29536,off,1465279744339
A3CIZUVZ9ASZ0Q:3907X2AHF05KE9097E1V76W67CNP2M,focus,12098,on,1465279756437
A3CIZUVZ9ASZ0Q:3907X2AHF05KE9097E1V76W67CNP2M,focus,3378,off,1465279759815
A3CIZUVZ9ASZ0Q:3907X2AHF05KE9097E1V76W67CNP2M,focus,66045,on,1465279825860
A3CIZUVZ9ASZ0Q:3907X2AHF05KE9097E1V76W67CNP2M,focus,4196,off,1465279830056
A3CIZUVZ9ASZ0Q:3907X2AHF05KE9097E1V76W67CNP2M,focus,3137,on,1465279833193
A3CIZUVZ9ASZ0Q:3907X2AHF05KE9097E1V76W67CNP2M,focus,19661,off,1465279852854
A3CIZUVZ9ASZ0Q:3907X2AHF05KE9097E1V76W67CNP2M,focus,27132,on,1465279879986
A3CIZUVZ9ASZ0Q:3907X2AHF05KE9097E1V76W67CNP2M,focus,5890,off,1465279885876
A3CIZUVZ9ASZ0Q:3907X2AHF05KE9097E1V76W67CNP2M,focus,20715,on,1465279906591
A3CIZUVZ9ASZ0Q:3907X2AHF05KE9097E1V76W67CNP2M,focus,3637,off,1465279910228
A3CIZUVZ9ASZ0Q:3907X2AHF05KE9097E1V76W67CNP2M,focus,48561,on,1465279958789
A3CIZUVZ9ASZ0Q:3907X2AHF05KE9097E1V76W67CNP2M,focus,3896,off,1465279962685
A3CIZUVZ9ASZ0Q:3907X2AHF05KE9097E1V76W67CNP2M,focus,13195,on,1465279975880
A3CIZUVZ9ASZ0Q:3907X2AHF05KE9097E1V76W67CNP2M,focus,15404,off,1465279991284
A3CIZUVZ9ASZ0Q:3907X2AHF05KE9097E1V76W67CNP2M,focus,14456,on,1465280005740
A3CIZUVZ9ASZ0Q:3907X2AHF05KE9097E1V76W67CNP2M,focus,13500,off,1465280019240
A3CIZUVZ9ASZ0Q:3907X2AHF05KE9097E1V76W67CNP2M,focus,63330,on,1465280082570
A3CIZUVZ9ASZ0Q:3907X2AHF05KE9097E1V76W67CNP2M,focus,10102,off,1465280092672
A3CIZUVZ9ASZ0Q:3907X2AHF05KE9097E1V76W67CNP2M,focus,8953,on,1465280101625
A3CIZUVZ9ASZ0Q:3907X2AHF05KE9097E1V76W67CNP2M,focus,7180,off,1465280108805
A3CIZUVZ9ASZ0Q:3907X2AHF05KE9097E1V76W67CNP2M,focus,7537,on,1465280116342
A3CIZUVZ9ASZ0Q:3907X2AHF05KE9097E1V76W67CNP2M,focus,4029,off,1465280120371
A3CIZUVZ9ASZ0Q:3907X2AHF05KE9097E1V76W67CNP2M,focus,17210,on,1465280137581
A3CIZUVZ9ASZ0Q:3907X2AHF05KE9097E1V76W67CNP2M,focus,2305,off,1465280139886
A3CIZUVZ9ASZ0Q:3907X2AHF05KE9097E1V76W67CNP2M,focus,205640,on,1465280345526
A3CIZUVZ9ASZ0Q:3907X2AHF05KE9097E1V76W67CNP2M,focus,28846,off,1465280374372
A3CIZUVZ9ASZ0Q:3907X2AHF05KE9097E1V76W67CNP2M,focus,9301,on,1465280383673
A3CIZUVZ9ASZ0Q:3907X2AHF05KE9097E1V76W67CNP2M,focus,12928,off,1465280396601
A3CIZUVZ9ASZ0Q:3907X2AHF05KE9097E1V76W67CNP2M,focus,2726,on,1465280399327
A3CIZUVZ9ASZ0Q:3907X2AHF05KE9097E1V76W67CNP2M,focus,5414,off,1465280404741
A3CIZUVZ9ASZ0Q:3907X2AHF05KE9097E1V76W67CNP2M,focus,45489,on,1465280450230
A3CIZUVZ9ASZ0Q:3907X2AHF05KE9097E1V76W67CNP2M,focus,14079,off,1465280464309
A3CIZUVZ9ASZ0Q:3907X2AHF05KE9097E1V76W67CNP2M,focus,7803,on,1465280472112
A3CIZUVZ9ASZ0Q:3907X2AHF05KE9097E1V76W67CNP2M,focus,10910,off,1465280483022
A3CIZUVZ9ASZ0Q:3907X2AHF05KE9097E1V76W67CNP2M,focus,10923,on,1465280493945
A3CIZUVZ9ASZ0Q:3907X2AHF05KE9097E1V76W67CNP2M,focus,7190,off,1465280501135
A3CIZUVZ9ASZ0Q:3907X2AHF05KE9097E1V76W67CNP2M,focus,8337,on,1465280509472
A3CIZUVZ9ASZ0Q:3907X2AHF05KE9097E1V76W67CNP2M,focus,48826,off,1465280558298
A3CIZUVZ9ASZ0Q:3907X2AHF05KE9097E1V76W67CNP2M,focus,3577,on,1465280561875
A3CIZUVZ9ASZ0Q:3907X2AHF05KE9097E1V76W67CNP2M,focus,23226,off,1465280585101
A3CIZUVZ9ASZ0Q:3907X2AHF05KE9097E1V76W67CNP2M,focus,4539,on,1465280589640
A3CIZUVZ9ASZ0Q:3907X2AHF05KE9097E1V76W67CNP2M,focus,4994,off,1465280594634
A3CIZUVZ9ASZ0Q:3907X2AHF05KE9097E1V76W67CNP2M,focus,4333,on,1465280598967
A3CIZUVZ9ASZ0Q:3907X2AHF05KE9097E1V76W67CNP2M,focus,34986,off,1465280633953
A3CIZUVZ9ASZ0Q:3907X2AHF05KE9097E1V76W67CNP2M,focus,9442,on,1465280643395
A3CIZUVZ9ASZ0Q:3907X2AHF05KE9097E1V76W67CNP2M,focus,12253,off,1465280655648
A3CIZUVZ9ASZ0Q:3907X2AHF05KE9097E1V76W67CNP2M,focus,2978,on,1465280658626
A3CIZUVZ9ASZ0Q:3907X2AHF05KE9097E1V76W67CNP2M,focus,6117,off,1465280664743
A3CIZUVZ9ASZ0Q:3907X2AHF05KE9097E1V76W67CNP2M,focus,15239,on,1465280679982
A3CIZUVZ9ASZ0Q:3907X2AHF05KE9097E1V76W67CNP2M,focus,15401,off,1465280695383
A3CIZUVZ9ASZ0Q:3907X2AHF05KE9097E1V76W67CNP2M,focus,72313,on,1465280767696
A3CIZUVZ9ASZ0Q:3907X2AHF05KE9097E1V76W67CNP2M,focus,9302,off,1465280776998
A3CIZUVZ9ASZ0Q:3907X2AHF05KE9097E1V76W67CNP2M,focus,24841,on,1465280801839
A3CIZUVZ9ASZ0Q:3907X2AHF05KE9097E1V76W67CNP2M,focus,2826,off,1465280804665
A3CIZUVZ9ASZ0Q:3907X2AHF05KE9097E1V76W67CNP2M,focus,27506,on,1465280832171
A3CIZUVZ9ASZ0Q:3907X2AHF05KE9097E1V76W67CNP2M,focus,6828,off,1465280838999
A3CIZUVZ9ASZ0Q:3907X2AHF05KE9097E1V76W67CNP2M,focus,6816,on,1465280845815
A3CIZUVZ9ASZ0Q:3907X2AHF05KE9097E1V76W67CNP2M,focus,30339,off,1465280876154
A3CIZUVZ9ASZ0Q:3907X2AHF05KE9097E1V76W67CNP2M,focus,6069,on,1465280882223
A3CIZUVZ9ASZ0Q:3907X2AHF05KE9097E1V76W67CNP2M,focus,4005,off,1465280886228
A3CIZUVZ9ASZ0Q:3907X2AHF05KE9097E1V76W67CNP2M,focus,12659,on,1465280898887
A3CIZUVZ9ASZ0Q:3907X2AHF05KE9097E1V76W67CNP2M,focus,13144,off,1465280912031
A3CIZUVZ9ASZ0Q:3907X2AHF05KE9097E1V76W67CNP2M,focus,21059,on,1465280933090
A3CIZUVZ9ASZ0Q:3907X2AHF05KE9097E1V76W67CNP2M,focus,12182,off,1465280945272
A3CIZUVZ9ASZ0Q:3907X2AHF05KE9097E1V76W67CNP2M,focus,16479,on,1465280961751
A3CIZUVZ9ASZ0Q:3907X2AHF05KE9097E1V76W67CNP2M,focus,8638,off,1465280970389
A3CIZUVZ9ASZ0Q:3907X2AHF05KE9097E1V76W67CNP2M,focus,8625,on,1465280979014
A3CIZUVZ9ASZ0Q:3907X2AHF05KE9097E1V76W67CNP2M,focus,3849,off,1465280982863
A3CIZUVZ9ASZ0Q:3907X2AHF05KE9097E1V76W67CNP2M,focus,5586,on,1465280988449
A3CIZUVZ9ASZ0Q:3907X2AHF05KE9097E1V76W67CNP2M,focus,86484,off,1465281074933
A3CIZUVZ9ASZ0Q:3907X2AHF05KE9097E1V76W67CNP2M,focus,4691,on,1465281079624
A3CIZUVZ9ASZ0Q:3907X2AHF05KE9097E1V76W67CNP2M,focus,14703,off,1465281094327
A3CIZUVZ9ASZ0Q:3907X2AHF05KE9097E1V76W67CNP2M,focus,5073,on,1465281099400
A3CIZUVZ9ASZ0Q:3907X2AHF05KE9097E1V76W67CNP2M,focus,45096,off,1465281144496
A3CIZUVZ9ASZ0Q:3907X2AHF05KE9097E1V76W67CNP2M,focus,7887,on,1465281152383
A3CIZUVZ9ASZ0Q:3907X2AHF05KE9097E1V76W67CNP2M,focus,3944,off,1465281156327
A3CIZUVZ9ASZ0Q:3907X2AHF05KE9097E1V76W67CNP2M,focus,7771,on,1465281164098
A3CIZUVZ9ASZ0Q:3907X2AHF05KE9097E1V76W67CNP2M,focus,23675,off,1465281187773
A3CIZUVZ9ASZ0Q:3907X2AHF05KE9097E1V76W67CNP2M,focus,6597,on,1465281194370
A3D57GFB7PFYR9:3G2UL9A02DEJQ4FAYUJHXXMXNNK76F,initialized,0,,1465279143257
A3D57GFB7PFYR9:3G2UL9A02DEJQ4FAYUJHXXMXNNK76F,window_resize,0,"[1362, 714]",1465279143257
A3D57GFB7PFYR9:3G2UL9A02DEJQ4FAYUJHXXMXNNK76F,focus,339822,off,1465279483079
A3D57GFB7PFYR9:3G2UL9A02DEJQ4FAYUJHXXMXNNK76F,focus,144127,on,1465279627206
A3D57GFB7PFYR9:3G2UL9A02DEJQ4FAYUJHXXMXNNK76F,focus,2389,off,1465279629595
A3D57GFB7PFYR9:3G2UL9A02DEJQ4FAYUJHXXMXNNK76F,focus,2186,on,1465279631781
A3D57GFB7PFYR9:3G2UL9A02DEJQ4FAYUJHXXMXNNK76F,focus,470,off,1465279632251
A3D57GFB7PFYR9:3G2UL9A02DEJQ4FAYUJHXXMXNNK76F,focus,3805,on,1465279636056
A3D57GFB7PFYR9:3G2UL9A02DEJQ4FAYUJHXXMXNNK76F,focus,1114,off,1465279637170
A3D57GFB7PFYR9:3G2UL9A02DEJQ4FAYUJHXXMXNNK76F,focus,1379,on,1465279638549
A3D57GFB7PFYR9:3G2UL9A02DEJQ4FAYUJHXXMXNNK76F,focus,92946,off,1465279731495
A3D57GFB7PFYR9:3G2UL9A02DEJQ4FAYUJHXXMXNNK76F,focus,12070,on,1465279743565
A3D57GFB7PFYR9:3G2UL9A02DEJQ4FAYUJHXXMXNNK76F,focus,1956,off,1465279745521
A3D57GFB7PFYR9:3G2UL9A02DEJQ4FAYUJHXXMXNNK76F,focus,8272,on,1465279753793
A3D57GFB7PFYR9:3G2UL9A02DEJQ4FAYUJHXXMXNNK76F,focus,19541,off,1465279773334
A3D57GFB7PFYR9:3G2UL9A02DEJQ4FAYUJHXXMXNNK76F,focus,9403,on,1465279782737
A3D57GFB7PFYR9:3G2UL9A02DEJQ4FAYUJHXXMXNNK76F,focus,75050,off,1465279857787
A3D57GFB7PFYR9:3G2UL9A02DEJQ4FAYUJHXXMXNNK76F,focus,27695,on,1465279885482
A3D57GFB7PFYR9:3G2UL9A02DEJQ4FAYUJHXXMXNNK76F,focus,2075,off,1465279887557
A3D57GFB7PFYR9:3G2UL9A02DEJQ4FAYUJHXXMXNNK76F,focus,6862,on,1465279894419
A3D57GFB7PFYR9:3G2UL9A02DEJQ4FAYUJHXXMXNNK76F,focus,809,off,1465279895228
A3D57GFB7PFYR9:3G2UL9A02DEJQ4FAYUJHXXMXNNK76F,focus,8318,on,1465279903546
A3D57GFB7PFYR9:3G2UL9A02DEJQ4FAYUJHXXMXNNK76F,focus,84852,off,1465279988398
A3D57GFB7PFYR9:3G2UL9A02DEJQ4FAYUJHXXMXNNK76F,focus,21967,on,1465280010365
A3D57GFB7PFYR9:3G2UL9A02DEJQ4FAYUJHXXMXNNK76F,focus,105765,off,1465280116130
A3D57GFB7PFYR9:3G2UL9A02DEJQ4FAYUJHXXMXNNK76F,focus,7981,on,1465280124111
A3D57GFB7PFYR9:3G2UL9A02DEJQ4FAYUJHXXMXNNK76F,focus,25613,off,1465280149724
A3D57GFB7PFYR9:3G2UL9A02DEJQ4FAYUJHXXMXNNK76F,focus,11731,on,1465280161455
A3D57GFB7PFYR9:3G2UL9A02DEJQ4FAYUJHXXMXNNK76F,focus,27484,off,1465280188939
A3D57GFB7PFYR9:3G2UL9A02DEJQ4FAYUJHXXMXNNK76F,focus,79038,on,1465280267977
A3D57GFB7PFYR9:3G2UL9A02DEJQ4FAYUJHXXMXNNK76F,focus,9190,off,1465280277167
A3D57GFB7PFYR9:3G2UL9A02DEJQ4FAYUJHXXMXNNK76F,focus,3403,on,1465280280570
A3D57GFB7PFYR9:3G2UL9A02DEJQ4FAYUJHXXMXNNK76F,focus,10986,off,1465280291556
A3D57GFB7PFYR9:3G2UL9A02DEJQ4FAYUJHXXMXNNK76F,focus,5704,on,1465280297260
A3D57GFB7PFYR9:3G2UL9A02DEJQ4FAYUJHXXMXNNK76F,focus,1541,off,1465280298801
A3D57GFB7PFYR9:3G2UL9A02DEJQ4FAYUJHXXMXNNK76F,focus,15003,on,1465280313804
A3D57GFB7PFYR9:3G2UL9A02DEJQ4FAYUJHXXMXNNK76F,focus,48156,off,1465280361960
A3D57GFB7PFYR9:3G2UL9A02DEJQ4FAYUJHXXMXNNK76F,focus,33250,on,1465280395210
A3FCCMD0S1LRFV:3XLBSAQ9Z4CLEEZL0ZGSUVFSSRH7Z6,initialized,0,,1465279880561
A3FCCMD0S1LRFV:3XLBSAQ9Z4CLEEZL0ZGSUVFSSRH7Z6,window_resize,1,"[1272, 711]",1465279880562
A3FCCMD0S1LRFV:3XLBSAQ9Z4CLEEZL0ZGSUVFSSRH7Z6,focus,495,on,1465279881057
A3FCCMD0S1LRFV:3XLBSAQ9Z4CLEEZL0ZGSUVFSSRH7Z6,focus,379162,off,1465280260219
A3FCCMD0S1LRFV:3XLBSAQ9Z4CLEEZL0ZGSUVFSSRH7Z6,focus,2407,on,1465280262626
A3GQRD3530XFM3:3OJSZ2ATDSWN70FWTB9C5R8XRS975Z,initialized,0,,1465279120040
A3GQRD3530XFM3:3OJSZ2ATDSWN70FWTB9C5R8XRS975Z,window_resize,0,"[1366, 706]",1465279120040
A3GTIIFSMHAKRZ:3ZSANO2JCF71SVSDNQKWMUV6300FSD,initialized,0,,1465279920948
A3GTIIFSMHAKRZ:3ZSANO2JCF71SVSDNQKWMUV6300FSD,window_resize,0,"[1440, 860]",1465279920948
A3GTIIFSMHAKRZ:3ZSANO2JCF71SVSDNQKWMUV6300FSD,focus,9918,off,1465279930866
A3GTIIFSMHAKRZ:3ZSANO2JCF71SVSDNQKWMUV6300FSD,focus,1032,on,1465279931898
A3HESOWHVBQOEI:3UNH76FOCS54URW38JGYZ63GHM6YMF,initialized,0,,1465279096328
A3HESOWHVBQOEI:3UNH76FOCS54URW38JGYZ63GHM6YMF,window_resize,0,"[1531, 814]",1465279096328
A3JI3B5GTVA95F:3R2UR8A0IAG3UPR5G3998WLCAGUXOQ,initialized,0,,1465283179151
A3JI3B5GTVA95F:3R2UR8A0IAG3UPR5G3998WLCAGUXOQ,window_resize,0,"[1400, 961]",1465283179151
A3JS05TEGKXYOP:3OSWBBLG1EXCQS0GQUVTX29D62LXDR,initialized,0,,1465279614217
A3JS05TEGKXYOP:3OSWBBLG1EXCQS0GQUVTX29D62LXDR,window_resize,0,"[1520, 762]",1465279614217
A3JS05TEGKXYOP:3OSWBBLG1EXCQS0GQUVTX29D62LXDR,focus,416,on,1465279614633
A3JS05TEGKXYOP:3OSWBBLG1EXCQS0GQUVTX29D62LXDR,focus,82897,off,1465279697530
A3JS05TEGKXYOP:3OSWBBLG1EXCQS0GQUVTX29D62LXDR,focus,22104,on,1465279719634
A3JS05TEGKXYOP:3OSWBBLG1EXCQS0GQUVTX29D62LXDR,focus,185824,off,1465279905458
A3JS05TEGKXYOP:3OSWBBLG1EXCQS0GQUVTX29D62LXDR,focus,1285,on,1465279906743
A3JY1UZ9YEOR33:3Z7VU45IPYH73SKJBJZJTLOFP5H1Z3,initialized,0,,1465279060348
A3JY1UZ9YEOR33:3Z7VU45IPYH73SKJBJZJTLOFP5H1Z3,window_resize,0,"[1362, 714]",1465279060348
A3LRZX8477TYYZ:34MAJL3QP4NNAYA9DUNCNIQ3MUS34L,initialized,0,,1465281791929
A3LRZX8477TYYZ:34MAJL3QP4NNAYA9DUNCNIQ3MUS34L,window_resize,0,"[1276, 747]",1465281791929
A3LRZX8477TYYZ:34MAJL3QP4NNAYA9DUNCNIQ3MUS34L,focus,15518,on,1465281807447
A3LRZX8477TYYZ:34MAJL3QP4NNAYA9DUNCNIQ3MUS34L,focus,163374,off,1465281970821
A3LRZX8477TYYZ:34MAJL3QP4NNAYA9DUNCNIQ3MUS34L,focus,2497,on,1465281973318
A3LRZX8477TYYZ:34MAJL3QP4NNAYA9DUNCNIQ3MUS34L,focus,798,off,1465281974116
A3LRZX8477TYYZ:34MAJL3QP4NNAYA9DUNCNIQ3MUS34L,focus,1443,on,1465281975559
A3LRZX8477TYYZ:34MAJL3QP4NNAYA9DUNCNIQ3MUS34L,focus,141,off,1465281975700
A3LRZX8477TYYZ:34MAJL3QP4NNAYA9DUNCNIQ3MUS34L,focus,1304,on,1465281977004
A3LRZX8477TYYZ:34MAJL3QP4NNAYA9DUNCNIQ3MUS34L,focus,236257,off,1465282213261
A3LRZX8477TYYZ:34MAJL3QP4NNAYA9DUNCNIQ3MUS34L,focus,9319,on,1465282222580
A3LRZX8477TYYZ:34MAJL3QP4NNAYA9DUNCNIQ3MUS34L,focus,109183,off,1465282331763
A3LRZX8477TYYZ:34MAJL3QP4NNAYA9DUNCNIQ3MUS34L,focus,4474,on,1465282336237
A3OK0Q4TLQSQKT:3180JW2OT4CGRVGYUKY98HD6IN95J4,initialized,0,,1465279692031
A3OK0Q4TLQSQKT:3180JW2OT4CGRVGYUKY98HD6IN95J4,window_resize,0,"[1405, 825]",1465279692031
A3PTFE5MJV5DU1:3S4AW7T80BI4Q20YJ0RCJ4KKMGJ4L0,initialized,0,,1465279374782
A3PTFE5MJV5DU1:3S4AW7T80BI4Q20YJ0RCJ4KKMGJ4L0,window_resize,0,"[1348, 661]",1465279374782
A3PTFE5MJV5DU1:3S4AW7T80BI4Q20YJ0RCJ4KKMGJ4L0,focus,781,on,1465279375563
A3PTFE5MJV5DU1:3S4AW7T80BI4Q20YJ0RCJ4KKMGJ4L0,focus,8211,off,1465279383774
A3PTFE5MJV5DU1:3S4AW7T80BI4Q20YJ0RCJ4KKMGJ4L0,focus,4118,on,1465279387892
A3PTFE5MJV5DU1:3S4AW7T80BI4Q20YJ0RCJ4KKMGJ4L0,focus,11578,off,1465279399470
A3PTFE5MJV5DU1:3S4AW7T80BI4Q20YJ0RCJ4KKMGJ4L0,focus,10950,on,1465279410420
A3PTFE5MJV5DU1:3S4AW7T80BI4Q20YJ0RCJ4KKMGJ4L0,focus,190454,off,1465279600874
A3PTFE5MJV5DU1:3S4AW7T80BI4Q20YJ0RCJ4KKMGJ4L0,focus,8469,on,1465279609343
A3SZBR2YDXLQV7:34V1S5K3GS1N4N33DRH1BTD3ID796S,initialized,0,,1465279028282
A3SZBR2YDXLQV7:34V1S5K3GS1N4N33DRH1BTD3ID796S,window_resize,1,"[1916, 1026]",1465279028283
A3SZBR2YDXLQV7:34V1S5K3GS1N4N33DRH1BTD3ID796S,focus,4370,off,1465279032653
A3SZBR2YDXLQV7:34V1S5K3GS1N4N33DRH1BTD3ID796S,focus,17676,on,1465279050329
A3SZBR2YDXLQV7:34V1S5K3GS1N4N33DRH1BTD3ID796S,focus,38681,off,1465279089010
A3SZBR2YDXLQV7:34V1S5K3GS1N4N33DRH1BTD3ID796S,focus,1358,on,1465279090368
A3SZBR2YDXLQV7:34V1S5K3GS1N4N33DRH1BTD3ID796S,focus,4000,off,1465279094368
A3SZBR2YDXLQV7:34V1S5K3GS1N4N33DRH1BTD3ID796S,focus,8836,on,1465279103204
A3SZBR2YDXLQV7:34V1S5K3GS1N4N33DRH1BTD3ID796S,focus,8306,off,1465279111510
A3SZBR2YDXLQV7:34V1S5K3GS1N4N33DRH1BTD3ID796S,focus,11870,on,1465279123380
A3SZBR2YDXLQV7:34V1S5K3GS1N4N33DRH1BTD3ID796S,focus,12599,off,1465279135979
A3SZBR2YDXLQV7:34V1S5K3GS1N4N33DRH1BTD3ID796S,focus,15468,on,1465279151447
A3TVSNE3YPJAKF:3X0H8UUIT1O33HE8DFUWQIH6Y3PWSR,initialized,0,,1465279332367
A3TVSNE3YPJAKF:3X0H8UUIT1O33HE8DFUWQIH6Y3PWSR,window_resize,0,"[1276, 725]",1465279332367
A3V1ZYXBJYCIIE:30LB5CDZNCA7W3Z1F0VJFG55KDA0ZY,initialized,0,,1465279126784
A3V1ZYXBJYCIIE:30LB5CDZNCA7W3Z1F0VJFG55KDA0ZY,window_resize,0,"[1920, 1036]",1465279126784
A3VHDQR8A9JJ4F:3TPZPLC3M0C9ZRWSBEF0QG1YDQN3PB,initialized,0,,1465279180840
A3VHDQR8A9JJ4F:3TPZPLC3M0C9ZRWSBEF0QG1YDQN3PB,window_resize,1,"[1362, 714]",1465279180841
A4T1X0PO5N1G9:3OSWBBLG1EXCQS0GQUVTX29D62LDX7,initialized,0,,1465279135107
A4T1X0PO5N1G9:3OSWBBLG1EXCQS0GQUVTX29D62LDX7,window_resize,0,"[1596, 846]",1465279135107
A4T1X0PO5N1G9:3OSWBBLG1EXCQS0GQUVTX29D62LDX7,focus,258569,off,1465279393676
A4T1X0PO5N1G9:3OSWBBLG1EXCQS0GQUVTX29D62LDX7,focus,30647,on,1465279424323
A5OSLOGSZWS6K:3TYCR1GOTCJKTZON4TH2D0XTNBLLZS,initialized,0,,1465279349977
A5OSLOGSZWS6K:3TYCR1GOTCJKTZON4TH2D0XTNBLLZS,window_resize,0,"[1920, 1035]",1465279349977
A7L4EGQ4QIPPR:3XXU1SWE8MV6VVRT38FKYNEWBS40AY,initialized,0,,1465279571471
A7L4EGQ4QIPPR:3XXU1SWE8MV6VVRT38FKYNEWBS40AY,window_resize,0,"[1280, 683]",1465279571471
A7L4EGQ4QIPPR:3XXU1SWE8MV6VVRT38FKYNEWBS40AY,focus,242430,off,1465279813901
A7L4EGQ4QIPPR:3XXU1SWE8MV6VVRT38FKYNEWBS40AY,focus,6052,on,1465279819953
A7L4EGQ4QIPPR:3XXU1SWE8MV6VVRT38FKYNEWBS40AY,focus,171323,off,1465279991276
A7L4EGQ4QIPPR:3XXU1SWE8MV6VVRT38FKYNEWBS40AY,focus,15123,on,1465280006399
A9EFMZ1469GHI:3YDGXNSEOZU9BVGFPBI8EZYE2GK84I,initialized,0,,1465280006767
A9EFMZ1469GHI:3YDGXNSEOZU9BVGFPBI8EZYE2GK84I,window_resize,1,"[1362, 714]",1465280006768
A9EFMZ1469GHI:3YDGXNSEOZU9BVGFPBI8EZYE2GK84I,focus,128619,off,1465280135387
A9EFMZ1469GHI:3YDGXNSEOZU9BVGFPBI8EZYE2GK84I,focus,28599,on,1465280163986
A9EFMZ1469GHI:3YDGXNSEOZU9BVGFPBI8EZYE2GK84I,window_resize,2648,"[1238, 649]",1465280166634
A9EFMZ1469GHI:3YDGXNSEOZU9BVGFPBI8EZYE2GK84I,focus,250389,off,1465280417023
A9EFMZ1469GHI:3YDGXNSEOZU9BVGFPBI8EZYE2GK84I,focus,8641,on,1465280425664
A9EFMZ1469GHI:3YDGXNSEOZU9BVGFPBI8EZYE2GK84I,focus,66904,off,1465280492568
A9EFMZ1469GHI:3YDGXNSEOZU9BVGFPBI8EZYE2GK84I,focus,38024,on,1465280530592
A9EIZZ50B34HP:38F71OA9GTWYU0F83TOAALW0BBIFM1,initialized,0,,1465279757715
A9EIZZ50B34HP:38F71OA9GTWYU0F83TOAALW0BBIFM1,window_resize,0,"[1366, 704]",1465279757715
A9EIZZ50B34HP:38F71OA9GTWYU0F83TOAALW0BBIFM1,focus,179047,off,1465279936762
A9EIZZ50B34HP:38F71OA9GTWYU0F83TOAALW0BBIFM1,focus,13394,on,1465279950156
A9EIZZ50B34HP:38F71OA9GTWYU0F83TOAALW0BBIFM1,focus,148935,off,1465280099091
A9EIZZ50B34HP:38F71OA9GTWYU0F83TOAALW0BBIFM1,focus,14961,on,1465280114052
ABUF5EN8YNJQO:3HMVI3QICJS7Y2AEFXX0FEFDJBEY1A,initialized,0,,1465286590577
ABUF5EN8YNJQO:3HMVI3QICJS7Y2AEFXX0FEFDJBEY1A,window_resize,0,"[1360, 728]",1465286590577
ABUXM7VAW5SKJ:3TVRFO09GKFVO4O83BTHGFHIFBPXL9,initialized,0,,1465283831348
ABUXM7VAW5SKJ:3TVRFO09GKFVO4O83BTHGFHIFBPXL9,window_resize,0,"[1264, 697]",1465283831348
ABUXM7VAW5SKJ:3TVRFO09GKFVO4O83BTHGFHIFBPXL9,focus,282,on,1465283831630
AE861G0AY5RGT:3NS0A6KXC48477AMT2KM08SLRUZZG0,initialized,0,,1465279488641
AE861G0AY5RGT:3NS0A6KXC48477AMT2KM08SLRUZZG0,window_resize,0,"[1304, 715]",1465279488641
AEJMW2LLLCVFI:31LVTDXBL7ABR82WUCNPRXVUEU2RL5,initialized,0,,1465279472222
AEJMW2LLLCVFI:31LVTDXBL7ABR82WUCNPRXVUEU2RL5,window_resize,0,"[1920, 991]",1465279472222
AEJMW2LLLCVFI:31LVTDXBL7ABR82WUCNPRXVUEU2RL5,focus,66332,off,1465279538554
AEJMW2LLLCVFI:31LVTDXBL7ABR82WUCNPRXVUEU2RL5,focus,27730,on,1465279566284
AEJMW2LLLCVFI:31LVTDXBL7ABR82WUCNPRXVUEU2RL5,focus,12032,off,1465279578316
AEJMW2LLLCVFI:31LVTDXBL7ABR82WUCNPRXVUEU2RL5,focus,2820,on,1465279581136
AEJMW2LLLCVFI:31LVTDXBL7ABR82WUCNPRXVUEU2RL5,focus,8781,off,1465279589917
AEJMW2LLLCVFI:31LVTDXBL7ABR82WUCNPRXVUEU2RL5,focus,30084,on,1465279620001
AEV6JFYKZZ04H:3RUIQRXJBBO0OA7JPSQT5LMV82DLL9,initialized,0,,1465279111664
AEV6JFYKZZ04H:3RUIQRXJBBO0OA7JPSQT5LMV82DLL9,window_resize,0,"[1354, 706]",1465279111664
AEV6JFYKZZ04H:3RUIQRXJBBO0OA7JPSQT5LMV82DLL9,focus,704255,off,1465279815919
AEV6JFYKZZ04H:3RUIQRXJBBO0OA7JPSQT5LMV82DLL9,focus,8409,on,1465279824328
AGDJB8B8CDZ71:30BXRYBRP4XED80S2LIXM4A4PS8WH6,initialized,0,,1465279022814
AGDJB8B8CDZ71:30BXRYBRP4XED80S2LIXM4A4PS8WH6,window_resize,0,"[1440, 754]",1465279022814
AGTV2SNFKXB11:3HMVI3QICJS7Y2AEFXX0FEFDJBCY18,initialized,0,,1465282134985
AGTV2SNFKXB11:3HMVI3QICJS7Y2AEFXX0FEFDJBCY18,window_resize,0,"[1366, 680]",1465282134985
AGTV2SNFKXB11:3HMVI3QICJS7Y2AEFXX0FEFDJBCY18,focus,306,on,1465282135291
AGTV2SNFKXB11:3HMVI3QICJS7Y2AEFXX0FEFDJBCY18,focus,125113,off,1465282260404
AGTV2SNFKXB11:3HMVI3QICJS7Y2AEFXX0FEFDJBCY18,focus,6019,on,1465282266423
AH42ZTN41ZHXI:3QY7M81QH7MQPJ0Z0YDI7GRFOI3K7W,initialized,0,,1465279748039
AH42ZTN41ZHXI:3QY7M81QH7MQPJ0Z0YDI7GRFOI3K7W,window_resize,1,"[1350, 660]",1465279748040
AH42ZTN41ZHXI:3QY7M81QH7MQPJ0Z0YDI7GRFOI3K7W,focus,1209,on,1465279749249
AHIGBQJ6SBEHZ:3MD9PLUKKIEAHZR8G6XHQS1IS6LZN8,initialized,0,,1465279251951
AHIGBQJ6SBEHZ:3MD9PLUKKIEAHZR8G6XHQS1IS6LZN8,window_resize,0,"[1920, 1040]",1465279251951
AHIGBQJ6SBEHZ:3MD9PLUKKIEAHZR8G6XHQS1IS6LZN8,focus,176380,off,1465279428331
AHIGBQJ6SBEHZ:3MD9PLUKKIEAHZR8G6XHQS1IS6LZN8,focus,10158,on,1465279438489
AHIGBQJ6SBEHZ:3MD9PLUKKIEAHZR8G6XHQS1IS6LZN8,focus,108492,off,1465279546981
AHIGBQJ6SBEHZ:3MD9PLUKKIEAHZR8G6XHQS1IS6LZN8,focus,9093,on,1465279556074
AHPQVIEIBZOAS:3NKQQ8O39Y5K9O6LLPK6DVA9CK4UDW,initialized,0,,1465280972870
AHPQVIEIBZOAS:3NKQQ8O39Y5K9O6LLPK6DVA9CK4UDW,window_resize,1,"[1596, 846]",1465280972871
AHPQVIEIBZOAS:3NKQQ8O39Y5K9O6LLPK6DVA9CK4UDW,focus,537,off,1465280973408
AHPQVIEIBZOAS:3NKQQ8O39Y5K9O6LLPK6DVA9CK4UDW,focus,8203,on,1465280981611
AHPQVIEIBZOAS:3NKQQ8O39Y5K9O6LLPK6DVA9CK4UDW,focus,141480,off,1465281123091
AHPQVIEIBZOAS:3NKQQ8O39Y5K9O6LLPK6DVA9CK4UDW,focus,18895,on,1465281141986
AHPQVIEIBZOAS:3NKQQ8O39Y5K9O6LLPK6DVA9CK4UDW,focus,35718,off,1465281177704
AHPQVIEIBZOAS:3NKQQ8O39Y5K9O6LLPK6DVA9CK4UDW,focus,674,on,1465281178378
AHPQVIEIBZOAS:3NKQQ8O39Y5K9O6LLPK6DVA9CK4UDW,focus,942,off,1465281179320
AHPQVIEIBZOAS:3NKQQ8O39Y5K9O6LLPK6DVA9CK4UDW,focus,5922,on,1465281185242
AHPQVIEIBZOAS:3NKQQ8O39Y5K9O6LLPK6DVA9CK4UDW,focus,81346,off,1465281266588
AHPQVIEIBZOAS:3NKQQ8O39Y5K9O6LLPK6DVA9CK4UDW,focus,512,on,1465281267100
AHPQVIEIBZOAS:3NKQQ8O39Y5K9O6LLPK6DVA9CK4UDW,focus,1135,off,1465281268235
AHPQVIEIBZOAS:3NKQQ8O39Y5K9O6LLPK6DVA9CK4UDW,focus,17538,on,1465281285773
AHPQVIEIBZOAS:3NKQQ8O39Y5K9O6LLPK6DVA9CK4UDW,focus,10514,off,1465281296287
AHPQVIEIBZOAS:3NKQQ8O39Y5K9O6LLPK6DVA9CK4UDW,focus,18736,on,1465281315023
AHPQVIEIBZOAS:3NKQQ8O39Y5K9O6LLPK6DVA9CK4UDW,focus,20128,off,1465281335151
AHPQVIEIBZOAS:3NKQQ8O39Y5K9O6LLPK6DVA9CK4UDW,focus,1068,on,1465281336219
AHPQVIEIBZOAS:3NKQQ8O39Y5K9O6LLPK6DVA9CK4UDW,focus,793,off,1465281337012
AHPQVIEIBZOAS:3NKQQ8O39Y5K9O6LLPK6DVA9CK4UDW,focus,12557,on,1465281349569
AHPQVIEIBZOAS:3NKQQ8O39Y5K9O6LLPK6DVA9CK4UDW,focus,7,off,1465281349576
AHPQVIEIBZOAS:3NKQQ8O39Y5K9O6LLPK6DVA9CK4UDW,focus,716,on,1465281350292
AHPQVIEIBZOAS:3NKQQ8O39Y5K9O6LLPK6DVA9CK4UDW,focus,668,off,1465281350960
AHPQVIEIBZOAS:3NKQQ8O39Y5K9O6LLPK6DVA9CK4UDW,focus,32675,on,1465281383635
AHPQVIEIBZOAS:3NKQQ8O39Y5K9O6LLPK6DVA9CK4UDW,focus,1825,off,1465281385460
AHPQVIEIBZOAS:3NKQQ8O39Y5K9O6LLPK6DVA9CK4UDW,focus,665,on,1465281386125
AHPQVIEIBZOAS:3NKQQ8O39Y5K9O6LLPK6DVA9CK4UDW,focus,1063,off,1465281387188
AHPQVIEIBZOAS:3NKQQ8O39Y5K9O6LLPK6DVA9CK4UDW,focus,91952,on,1465281479140
AHPQVIEIBZOAS:3NKQQ8O39Y5K9O6LLPK6DVA9CK4UDW,focus,8806,off,1465281487946
AHPQVIEIBZOAS:3NKQQ8O39Y5K9O6LLPK6DVA9CK4UDW,focus,564,on,1465281488510
AHPQVIEIBZOAS:3NKQQ8O39Y5K9O6LLPK6DVA9CK4UDW,focus,936,off,1465281489446
AHPQVIEIBZOAS:3NKQQ8O39Y5K9O6LLPK6DVA9CK4UDW,focus,14097,on,1465281503543
AHY3YAYJLTW32:3EFVCAY5L39ZEDZ0SI5CK1NXKD9J8J,initialized,0,,1465279038569
AHY3YAYJLTW32:3EFVCAY5L39ZEDZ0SI5CK1NXKD9J8J,window_resize,0,"[1764, 938]",1465279038569
AHY3YAYJLTW32:3EFVCAY5L39ZEDZ0SI5CK1NXKD9J8J,focus,23725,off,1465279062294
AHY3YAYJLTW32:3EFVCAY5L39ZEDZ0SI5CK1NXKD9J8J,focus,20290,on,1465279082584
AHY3YAYJLTW32:3EFVCAY5L39ZEDZ0SI5CK1NXKD9J8J,focus,430407,off,1465279512991
AHY3YAYJLTW32:3EFVCAY5L39ZEDZ0SI5CK1NXKD9J8J,focus,64,on,1465279513055
AHY3YAYJLTW32:3EFVCAY5L39ZEDZ0SI5CK1NXKD9J8J,focus,2079,off,1465279515134
AHY3YAYJLTW32:3EFVCAY5L39ZEDZ0SI5CK1NXKD9J8J,focus,7443,on,1465279522577
AJHC1J5QKB106:3L4D84MILZSS7O0TVMZIXEGWNWZHJW,initialized,0,,1465279759194
AJHC1J5QKB106:3L4D84MILZSS7O0TVMZIXEGWNWZHJW,window_resize,1,"[1873, 1016]",1465279759195
AJMWITY1XT7H7:3VELCLL3GKJ1YBTJA75CQT8XD0M1FE,initialized,0,,1465279467246
AJMWITY1XT7H7:3VELCLL3GKJ1YBTJA75CQT8XD0M1FE,window_resize,0,"[1280, 683]",1465279467246
AJOBP1P0NBDOH:3PPTZCWALQKVKW40WYPYUMWNXH8ZQV,initialized,0,,1465280025260
AJOBP1P0NBDOH:3PPTZCWALQKVKW40WYPYUMWNXH8ZQV,window_resize,0,"[1008, 665]",1465280025260
AJOBP1P0NBDOH:3PPTZCWALQKVKW40WYPYUMWNXH8ZQV,focus,1578,on,1465280026838
AKSJ3C5O3V9RB:3RSDURM96AM6I34QRLSFMYY78KHYES,initialized,0,,1465282375902
AKSJ3C5O3V9RB:3RSDURM96AM6I34QRLSFMYY78KHYES,window_resize,0,"[1362, 673]",1465282375902
AKSJ3C5O3V9RB:3RSDURM96AM6I34QRLSFMYY78KHYES,focus,682183,off,1465283058085
AKSJ3C5O3V9RB:3RSDURM96AM6I34QRLSFMYY78KHYES,focus,1729,on,1465283059814
AKSJ3C5O3V9RB:3RSDURM96AM6I34QRLSFMYY78KHYES,focus,998,off,1465283060812
AKSJ3C5O3V9RB:3RSDURM96AM6I34QRLSFMYY78KHYES,focus,1181,on,1465283061993
AKSJ3C5O3V9RB:3RSDURM96AM6I34QRLSFMYY78KHYES,focus,325923,off,1465283387916
AKSJ3C5O3V9RB:3RSDURM96AM6I34QRLSFMYY78KHYES,focus,1716,on,1465283389632
ALF14D78OROQY:3ZQIG0FLQEGJV9VC7AZ1151DX7IVWU,initialized,0,,1465279146775
ALF14D78OROQY:3ZQIG0FLQEGJV9VC7AZ1151DX7IVWU,window_resize,0,"[2544, 1332]",1465279146775
ALF14D78OROQY:3ZQIG0FLQEGJV9VC7AZ1151DX7IVWU,focus,468,on,1465279147243
ALF14D78OROQY:3ZQIG0FLQEGJV9VC7AZ1151DX7IVWU,focus,215302,off,1465279362545
ALF14D78OROQY:3ZQIG0FLQEGJV9VC7AZ1151DX7IVWU,focus,2233,on,1465279364778
AMUC6OI4A2GY4:37TRT2X24QRIGBX7VUPMB3DYSJUJBI,initialized,0,,1465279028036
AMUC6OI4A2GY4:37TRT2X24QRIGBX7VUPMB3DYSJUJBI,window_resize,0,"[1600, 855]",1465279028036
ANFBZP4LZAS9N:3RXPCZQMQPB7CBPELRBU8E89EFM1GD,initialized,0,,1465279398320
ANFBZP4LZAS9N:3RXPCZQMQPB7CBPELRBU8E89EFM1GD,window_resize,0,"[1920, 1018]",1465279398320
ANI0AYTROJB2Y:31EUONYN2V3BQ0MAGO8RKBORU5JVOI,initialized,0,,1465279059085
ANI0AYTROJB2Y:31EUONYN2V3BQ0MAGO8RKBORU5JVOI,window_resize,0,"[1362, 715]",1465279059085
ANI0AYTROJB2Y:31EUONYN2V3BQ0MAGO8RKBORU5JVOI,focus,87785,off,1465279146870
ANI0AYTROJB2Y:31EUONYN2V3BQ0MAGO8RKBORU5JVOI,focus,55925,on,1465279202795
ANI0AYTROJB2Y:31EUONYN2V3BQ0MAGO8RKBORU5JVOI,focus,46980,off,1465279249775
ANI0AYTROJB2Y:31EUONYN2V3BQ0MAGO8RKBORU5JVOI,focus,35297,on,1465279285072
ANI0AYTROJB2Y:31EUONYN2V3BQ0MAGO8RKBORU5JVOI,focus,6621,off,1465279291693
ANI0AYTROJB2Y:31EUONYN2V3BQ0MAGO8RKBORU5JVOI,focus,97099,on,1465279388792
ANI0AYTROJB2Y:31EUONYN2V3BQ0MAGO8RKBORU5JVOI,focus,200940,off,1465279589732
ANI0AYTROJB2Y:31EUONYN2V3BQ0MAGO8RKBORU5JVOI,focus,12696,on,1465279602428
ANI0AYTROJB2Y:31EUONYN2V3BQ0MAGO8RKBORU5JVOI,focus,22951,off,1465279625379
ANI0AYTROJB2Y:31EUONYN2V3BQ0MAGO8RKBORU5JVOI,focus,2276,on,1465279627655
ANI0AYTROJB2Y:31EUONYN2V3BQ0MAGO8RKBORU5JVOI,focus,122124,off,1465279749779
ANI0AYTROJB2Y:31EUONYN2V3BQ0MAGO8RKBORU5JVOI,focus,25703,on,1465279775482
ANI0AYTROJB2Y:31EUONYN2V3BQ0MAGO8RKBORU5JVOI,focus,23744,off,1465279799226
ANI0AYTROJB2Y:31EUONYN2V3BQ0MAGO8RKBORU5JVOI,focus,23397,on,1465279822623
ANO554IN09EEX:3S4AW7T80BI4Q20YJ0RCJ4KKMGJL4H,initialized,0,,1465279562334
ANO554IN09EEX:3S4AW7T80BI4Q20YJ0RCJ4KKMGJL4H,window_resize,0,"[980, 1160]",1465279562334
AOWW3URQNRJ6U:3N4BPTXIO8SSNUCVD66TH85ZWT3KU1,initialized,0,,1465282697503
AOWW3URQNRJ6U:3N4BPTXIO8SSNUCVD66TH85ZWT3KU1,window_resize,1,"[1358, 672]",1465282697504
AOWW3URQNRJ6U:3N4BPTXIO8SSNUCVD66TH85ZWT3KU1,focus,212,on,1465282697716
AP6E6CI5WJ8ZA:34YB12FSQYO480B3EDUSS6WCCQHGM0,initialized,0,,1465279147696
AP6E6CI5WJ8ZA:34YB12FSQYO480B3EDUSS6WCCQHGM0,window_resize,0,"[1354, 706]",1465279147696
AP6E6CI5WJ8ZA:34YB12FSQYO480B3EDUSS6WCCQHGM0,focus,70656,off,1465279218352
AP6E6CI5WJ8ZA:34YB12FSQYO480B3EDUSS6WCCQHGM0,focus,47,on,1465279218399
AP6E6CI5WJ8ZA:34YB12FSQYO480B3EDUSS6WCCQHGM0,focus,37,off,1465279218436
AP6E6CI5WJ8ZA:34YB12FSQYO480B3EDUSS6WCCQHGM0,focus,1418,on,1465279219854
AP6E6CI5WJ8ZA:34YB12FSQYO480B3EDUSS6WCCQHGM0,focus,215691,off,1465279435545
AP6E6CI5WJ8ZA:34YB12FSQYO480B3EDUSS6WCCQHGM0,focus,5891,on,1465279441436
AQ07VGUPLAGEU:3GM6G9ZBKNX8D5X9YDTZRPB12KQMTG,initialized,0,,1465280943489
AQ07VGUPLAGEU:3GM6G9ZBKNX8D5X9YDTZRPB12KQMTG,window_resize,0,"[1348, 687]",1465280943489
AQ07VGUPLAGEU:3GM6G9ZBKNX8D5X9YDTZRPB12KQMTG,focus,179097,off,1465281122586
AQ07VGUPLAGEU:3GM6G9ZBKNX8D5X9YDTZRPB12KQMTG,focus,2921,on,1465281125507
AR5E0ZVWKJA95:3ON104KXQKWK1WCXNEYESF10KNN4WT,initialized,0,,1465279300441
AR5E0ZVWKJA95:3ON104KXQKWK1WCXNEYESF10KNN4WT,window_resize,1,"[1362, 714]",1465279300442
AR5E0ZVWKJA95:3ON104KXQKWK1WCXNEYESF10KNN4WT,focus,972,off,1465279301414
AR5E0ZVWKJA95:3ON104KXQKWK1WCXNEYESF10KNN4WT,focus,6530,on,1465279307944
AR5E0ZVWKJA95:3ON104KXQKWK1WCXNEYESF10KNN4WT,focus,35646,off,1465279343590
AR5E0ZVWKJA95:3ON104KXQKWK1WCXNEYESF10KNN4WT,focus,2,on,1465279343592
AR5E0ZVWKJA95:3ON104KXQKWK1WCXNEYESF10KNN4WT,focus,108,off,1465279343700
AR5E0ZVWKJA95:3ON104KXQKWK1WCXNEYESF10KNN4WT,focus,2957,on,1465279346657
AREBYTJU78DI4:3PXX5PX6LXY7FIU31OC9I4AF2W0BAU,initialized,0,,1465279260236
AREBYTJU78DI4:3PXX5PX6LXY7FIU31OC9I4AF2W0BAU,window_resize,0,"[1006, 675]",1465279260236
AREBYTJU78DI4:3PXX5PX6LXY7FIU31OC9I4AF2W0BAU,focus,640,on,1465279260876
AS28SBZT979BP:3MH9DQ757WCNL8GCNFLEJGD6PCKUG6,initialized,0,,1465279106739
AS28SBZT979BP:3MH9DQ757WCNL8GCNFLEJGD6PCKUG6,window_resize,0,"[1858, 1027]",1465279106739
AS28SBZT979BP:3MH9DQ757WCNL8GCNFLEJGD6PCKUG6,focus,49502,off,1465279156241
AS28SBZT979BP:3MH9DQ757WCNL8GCNFLEJGD6PCKUG6,focus,19548,on,1465279175789
AS28SBZT979BP:3MH9DQ757WCNL8GCNFLEJGD6PCKUG6,focus,41109,off,1465279216898
AS28SBZT979BP:3MH9DQ757WCNL8GCNFLEJGD6PCKUG6,focus,35591,on,1465279252489
AS28SBZT979BP:3MH9DQ757WCNL8GCNFLEJGD6PCKUG6,focus,15536,off,1465279268025
AS28SBZT979BP:3MH9DQ757WCNL8GCNFLEJGD6PCKUG6,focus,26899,on,1465279294924
AS28SBZT979BP:3MH9DQ757WCNL8GCNFLEJGD6PCKUG6,focus,23901,off,1465279318825
AS28SBZT979BP:3MH9DQ757WCNL8GCNFLEJGD6PCKUG6,focus,22356,on,1465279341181
AS28SBZT979BP:3MH9DQ757WCNL8GCNFLEJGD6PCKUG6,focus,13942,off,1465279355123
AS28SBZT979BP:3MH9DQ757WCNL8GCNFLEJGD6PCKUG6,focus,14760,on,1465279369883
AT3NSILK1BP46:3YDGXNSEOZU9BVGFPBI8EZYE2GM84K,initialized,0,,1465284636335
AT3NSILK1BP46:3YDGXNSEOZU9BVGFPBI8EZYE2GM84K,window_resize,0,"[1916, 1026]",1465284636335
AT7THGIGM9XN5:3TMSXRD2X6039XFE0WFCUHUX83D1WD,initialized,0,,1465279029882
AT7THGIGM9XN5:3TMSXRD2X6039XFE0WFCUHUX83D1WD,window_resize,0,"[1914, 1018]",1465279029882
AT7THGIGM9XN5:3TMSXRD2X6039XFE0WFCUHUX83D1WD,focus,111446,off,1465279141328
AT7THGIGM9XN5:3TMSXRD2X6039XFE0WFCUHUX83D1WD,focus,9135,on,1465279150463
AT7THGIGM9XN5:3TMSXRD2X6039XFE0WFCUHUX83D1WD,focus,59361,off,1465279209824
AT7THGIGM9XN5:3TMSXRD2X6039XFE0WFCUHUX83D1WD,focus,55711,on,1465279265535
ATRRVQWZZ87QA:33CID57104TJ86HUJMMT9ZSE8GNL3W,initialized,0,,1465279565193
ATRRVQWZZ87QA:33CID57104TJ86HUJMMT9ZSE8GNL3W,window_resize,1,"[1280, 984]",1465279565194
ATRRVQWZZ87QA:33CID57104TJ86HUJMMT9ZSE8GNL3W,focus,163985,off,1465279729179
ATRRVQWZZ87QA:33CID57104TJ86HUJMMT9ZSE8GNL3W,focus,136,on,1465279729315
AU3327LWY4SU1:3YOH7BII097S091VIWGYDU7IA09VKY,initialized,0,,1465279054292
AU3327LWY4SU1:3YOH7BII097S091VIWGYDU7IA09VKY,window_resize,2,"[1350, 665]",1465279054294
AU3327LWY4SU1:3YOH7BII097S091VIWGYDU7IA09VKY,focus,545,on,1465279054839
AU3327LWY4SU1:3YOH7BII097S091VIWGYDU7IA09VKY,focus,49006,off,1465279103845
AU3327LWY4SU1:3YOH7BII097S091VIWGYDU7IA09VKY,focus,23215,on,1465279127060
AU3327LWY4SU1:3YOH7BII097S091VIWGYDU7IA09VKY,focus,6361,off,1465279133421
AU3327LWY4SU1:3YOH7BII097S091VIWGYDU7IA09VKY,focus,19456,on,1465279152877
AU3327LWY4SU1:3YOH7BII097S091VIWGYDU7IA09VKY,focus,117438,off,1465279270315
AU3327LWY4SU1:3YOH7BII097S091VIWGYDU7IA09VKY,focus,29871,on,1465279300186
AU3327LWY4SU1:3YOH7BII097S091VIWGYDU7IA09VKY,window_resize,168852,"[1349, 665]",1465279469038
AUOT6UI205EDN:3A4NIXBJ76ZKUSP4P4R85Y1K873LMB,initialized,0,,1465279087384
AUOT6UI205EDN:3A4NIXBJ76ZKUSP4P4R85Y1K873LMB,window_resize,0,"[1916, 1147]",1465279087384
