A133QG754CGS3I:33SA9F9TRXU2TY9QCKAR11DRXYZWEH,initialized,0,,1464328416437
A133QG754CGS3I:33SA9F9TRXU2TY9QCKAR11DRXYZWEH,window_resize,0,"[1270, 663]",1464328416437
A133QG754CGS3I:33SA9F9TRXU2TY9QCKAR11DRXYZWEH,window_resize,139184,"[1280, 720]",1464328555621
A133QG754CGS3I:33SA9F9TRXU2TY9QCKAR11DRXYZWEH,window_resize,830,"[1270, 663]",1464328556451
A133QG754CGS3I:33SA9F9TRXU2TY9QCKAR11DRXYZWEH,window_resize,491,"[1280, 720]",1464328556942
A133QG754CGS3I:33SA9F9TRXU2TY9QCKAR11DRXYZWEH,window_resize,547,"[1270, 663]",1464328557489
A133QG754CGS3I:33SA9F9TRXU2TY9QCKAR11DRXYZWEH,window_resize,401,"[1280, 720]",1464328557890
A17P46B0XT363X:3PMBY0YE273CK4C4NIU4XT5DEL2C9F,initialized,0,,1464328307761
A17P46B0XT363X:3PMBY0YE273CK4C4NIU4XT5DEL2C9F,window_resize,0,"[1914, 1018]",1464328307761
A17P46B0XT363X:3PMBY0YE273CK4C4NIU4XT5DEL2C9F,focus,220324,off,1464328528085
A17P46B0XT363X:3PMBY0YE273CK4C4NIU4XT5DEL2C9F,focus,16744,on,1464328544829
A17P46B0XT363X:3PMBY0YE273CK4C4NIU4XT5DEL2C9F,focus,38681,off,1464328583510
A17P46B0XT363X:3PMBY0YE273CK4C4NIU4XT5DEL2C9F,focus,13514,on,1464328597024
A18C452IX8HCB8:3TK8OJTYM1LTB0YBVOL69BTH4W0PVM,initialized,0,,1464328395780
A18C452IX8HCB8:3TK8OJTYM1LTB0YBVOL69BTH4W0PVM,window_resize,0,"[1362, 714]",1464328395780
A19U56Z7XQ7I1I:3UXUOQ9OKEXKD6RDO70TD2OJI7V7AR,initialized,0,,1462918359443
A19U56Z7XQ7I1I:3UXUOQ9OKEXKD6RDO70TD2OJI7V7AR,window_resize,0,"[1366, 682]",1462918359443
A19U56Z7XQ7I1I:3UXUOQ9OKEXKD6RDO70TD2OJI7V7AR,focus,10106,off,1462918369549
A19U56Z7XQ7I1I:3UXUOQ9OKEXKD6RDO70TD2OJI7V7AR,focus,4497,on,1462918374046
A1A3TGZ7DKJWRW:3TXWC2NHNZQSRL10K4K4CY9V0MDS9A,initialized,0,,1464245672551
A1A3TGZ7DKJWRW:3TXWC2NHNZQSRL10K4K4CY9V0MDS9A,window_resize,0,"[1920, 1026]",1464245672551
A1A3TGZ7DKJWRW:3TXWC2NHNZQSRL10K4K4CY9V0MDS9A,focus,43358,off,1464245715909
A1A3TGZ7DKJWRW:3TXWC2NHNZQSRL10K4K4CY9V0MDS9A,focus,16056,on,1464245731965
A1A3TGZ7DKJWRW:3TXWC2NHNZQSRL10K4K4CY9V0MDS9A,focus,32200,off,1464245764165
A1A3TGZ7DKJWRW:3TXWC2NHNZQSRL10K4K4CY9V0MDS9A,focus,11409,on,1464245775574
A1APYLD4DUK33J:38YMOXR4MUZYGJGB62RTPDLEG0C6W7,initialized,0,,1464328169715
A1APYLD4DUK33J:38YMOXR4MUZYGJGB62RTPDLEG0C6W7,window_resize,1,"[1920, 1005]",1464328169716
A1EAEZ7VIHKQ2:3Z4XG4ZF48R09X4P9MKDBAVCUC98XI,initialized,0,,1462921804096
A1EAEZ7VIHKQ2:3Z4XG4ZF48R09X4P9MKDBAVCUC98XI,window_resize,0,"[1362, 714]",1462921804096
A1EAEZ7VIHKQ2:3Z4XG4ZF48R09X4P9MKDBAVCUC98XI,focus,50621,off,1462921854717
A1EAEZ7VIHKQ2:3Z4XG4ZF48R09X4P9MKDBAVCUC98XI,focus,26786,on,1462921881503
A1EAEZ7VIHKQ2:3Z4XG4ZF48R09X4P9MKDBAVCUC98XI,window_resize,54923,"[1362, 425]",1462921936426
A1EAEZ7VIHKQ2:3Z4XG4ZF48R09X4P9MKDBAVCUC98XI,window_resize,2398,"[1362, 714]",1462921938824
A1HKYY6XI2OHO1:3S4AW7T80BI4Q20YJ0RCJ4KKM224LR,initialized,0,,1464328611247
A1HKYY6XI2OHO1:3S4AW7T80BI4Q20YJ0RCJ4KKM224LR,window_resize,0,"[1920, 1048]",1464328611247
A1J6X3R3XE227Y:3U8YCDAGXPGYIBYAS4C6ONT1FUYQ07,initialized,0,,1464245153722
A1J6X3R3XE227Y:3U8YCDAGXPGYIBYAS4C6ONT1FUYQ07,window_resize,0,"[1366, 728]",1464245153722
A1KGCOR8OXYR72:3FE2ERCCZX8YLGPEUCZSEJZ9833POK,initialized,0,,1464330077043
A1KGCOR8OXYR72:3FE2ERCCZX8YLGPEUCZSEJZ9833POK,window_resize,0,"[1916, 1026]",1464330077043
A1KGCOR8OXYR72:3FE2ERCCZX8YLGPEUCZSEJZ9833POK,window_resize,2426,"[1679, 1026]",1464330079469
A1KGCOR8OXYR72:3FE2ERCCZX8YLGPEUCZSEJZ9833POK,window_resize,5817,"[1201, 1026]",1464330085286
A1KGCOR8OXYR72:3FE2ERCCZX8YLGPEUCZSEJZ9833POK,focus,340,off,1464330085626
A1KGCOR8OXYR72:3FE2ERCCZX8YLGPEUCZSEJZ9833POK,window_resize,192,"[1137, 1026]",1464330085818
A1KGCOR8OXYR72:3FE2ERCCZX8YLGPEUCZSEJZ9833POK,focus,2484,on,1464330088302
A1KGCOR8OXYR72:3FE2ERCCZX8YLGPEUCZSEJZ9833POK,window_resize,3150,"[1137, 984]",1464330091452
A1KGCOR8OXYR72:3FE2ERCCZX8YLGPEUCZSEJZ9833POK,window_resize,2767,"[1137, 965]",1464330094219
A1KGCOR8OXYR72:3FE2ERCCZX8YLGPEUCZSEJZ9833POK,window_resize,3433,"[1283, 965]",1464330097652
A1KGCOR8OXYR72:3FE2ERCCZX8YLGPEUCZSEJZ9833POK,window_resize,1638,"[1283, 966]",1464330099290
A1KGCOR8OXYR72:3FE2ERCCZX8YLGPEUCZSEJZ9833POK,window_resize,312,"[1283, 967]",1464330099602
A1KGCOR8OXYR72:3FE2ERCCZX8YLGPEUCZSEJZ9833POK,focus,2006,off,1464330101608
A1KGCOR8OXYR72:3FE2ERCCZX8YLGPEUCZSEJZ9833POK,focus,14121,on,1464330115729
A1KGCOR8OXYR72:3FE2ERCCZX8YLGPEUCZSEJZ9833POK,focus,38505,off,1464330154234
A1KGCOR8OXYR72:3FE2ERCCZX8YLGPEUCZSEJZ9833POK,focus,5529,on,1464330159763
A1KGCOR8OXYR72:3FE2ERCCZX8YLGPEUCZSEJZ9833POK,focus,164076,off,1464330323839
A1KGCOR8OXYR72:3FE2ERCCZX8YLGPEUCZSEJZ9833POK,focus,3132,on,1464330326971
A1KGCOR8OXYR72:3FE2ERCCZX8YLGPEUCZSEJZ9833POK,focus,83633,off,1464330410604
A1KGCOR8OXYR72:3FE2ERCCZX8YLGPEUCZSEJZ9833POK,focus,1047,on,1464330411651
A1MN2PWAV10VAB:31Z0PCVWUKFPS2QMU7RA87EB7HF7TI,initialized,0,,1464329147903
A1MN2PWAV10VAB:31Z0PCVWUKFPS2QMU7RA87EB7HF7TI,window_resize,0,"[1584, 792]",1464329147903
A1MN2PWAV10VAB:31Z0PCVWUKFPS2QMU7RA87EB7HF7TI,focus,1443,on,1464329149346
A1MN2PWAV10VAB:31Z0PCVWUKFPS2QMU7RA87EB7HF7TI,focus,114451,off,1464329263797
A1MN2PWAV10VAB:31Z0PCVWUKFPS2QMU7RA87EB7HF7TI,focus,12349,on,1464329276146
A1MN2PWAV10VAB:31Z0PCVWUKFPS2QMU7RA87EB7HF7TI,focus,158467,off,1464329434613
A1MN2PWAV10VAB:31Z0PCVWUKFPS2QMU7RA87EB7HF7TI,focus,10690,on,1464329445303
A1NFBKUYYVUYWF:3BEFOD78W6TOWKIJJCSRJHZ9M7S4MT,initialized,0,,1464328222567
A1NFBKUYYVUYWF:3BEFOD78W6TOWKIJJCSRJHZ9M7S4MT,window_resize,0,"[1360, 723]",1464328222567
A1NFBKUYYVUYWF:3BEFOD78W6TOWKIJJCSRJHZ9M7S4MT,focus,210881,off,1464328433448
A1NFBKUYYVUYWF:3BEFOD78W6TOWKIJJCSRJHZ9M7S4MT,focus,37269,on,1464328470717
A1NFBKUYYVUYWF:3BEFOD78W6TOWKIJJCSRJHZ9M7S4MT,focus,12315,off,1464328483032
A1NFBKUYYVUYWF:3BEFOD78W6TOWKIJJCSRJHZ9M7S4MT,focus,86984,on,1464328570016
A1NFBKUYYVUYWF:3BEFOD78W6TOWKIJJCSRJHZ9M7S4MT,focus,599,off,1464328570615
A1NFBKUYYVUYWF:3BEFOD78W6TOWKIJJCSRJHZ9M7S4MT,focus,45003,on,1464328615618
A1NFBKUYYVUYWF:3BEFOD78W6TOWKIJJCSRJHZ9M7S4MT,focus,69252,off,1464328684870
A1NFBKUYYVUYWF:3BEFOD78W6TOWKIJJCSRJHZ9M7S4MT,focus,16241,on,1464328701111
A1NFBKUYYVUYWF:3BEFOD78W6TOWKIJJCSRJHZ9M7S4MT,focus,2730,off,1464328703841
A1NFBKUYYVUYWF:3BEFOD78W6TOWKIJJCSRJHZ9M7S4MT,focus,1725,on,1464328705566
A1NFBKUYYVUYWF:3BEFOD78W6TOWKIJJCSRJHZ9M7S4MT,focus,967,off,1464328706533
A1NFBKUYYVUYWF:3BEFOD78W6TOWKIJJCSRJHZ9M7S4MT,focus,1737,on,1464328708270
A1NFBKUYYVUYWF:3BEFOD78W6TOWKIJJCSRJHZ9M7S4MT,focus,20100,off,1464328728370
A1NFBKUYYVUYWF:3BEFOD78W6TOWKIJJCSRJHZ9M7S4MT,focus,23851,on,1464328752221
A1NFBKUYYVUYWF:3BEFOD78W6TOWKIJJCSRJHZ9M7S4MT,focus,9241,off,1464328761462
A1NFBKUYYVUYWF:3BEFOD78W6TOWKIJJCSRJHZ9M7S4MT,focus,22755,on,1464328784217
A1NFBKUYYVUYWF:3BEFOD78W6TOWKIJJCSRJHZ9M7S4MT,focus,53159,off,1464328837376
A1NFBKUYYVUYWF:3BEFOD78W6TOWKIJJCSRJHZ9M7S4MT,focus,26991,on,1464328864367
A1NFBKUYYVUYWF:3BEFOD78W6TOWKIJJCSRJHZ9M7S4MT,focus,68093,off,1464328932460
A1NFBKUYYVUYWF:3BEFOD78W6TOWKIJJCSRJHZ9M7S4MT,focus,25380,on,1464328957840
A1NFBKUYYVUYWF:3BEFOD78W6TOWKIJJCSRJHZ9M7S4MT,focus,3367,off,1464328961207
A1NFBKUYYVUYWF:3BEFOD78W6TOWKIJJCSRJHZ9M7S4MT,focus,3689,on,1464328964896
A1NFBKUYYVUYWF:3BEFOD78W6TOWKIJJCSRJHZ9M7S4MT,focus,36755,off,1464329001651
A1NFBKUYYVUYWF:3BEFOD78W6TOWKIJJCSRJHZ9M7S4MT,focus,34880,on,1464329036531
A1QQQ7KKM896QY:3EQHHY4HQSS60TQXMED6B4LQQHC5GS,initialized,0,,1464328354535
A1QQQ7KKM896QY:3EQHHY4HQSS60TQXMED6B4LQQHC5GS,window_resize,1,"[1264, 906]",1464328354536
A1QQQ7KKM896QY:3EQHHY4HQSS60TQXMED6B4LQQHC5GS,focus,362,off,1464328354898
A1QQQ7KKM896QY:3EQHHY4HQSS60TQXMED6B4LQQHC5GS,focus,8748,on,1464328363646
A1QQQ7KKM896QY:3EQHHY4HQSS60TQXMED6B4LQQHC5GS,focus,25111,off,1464328388757
A1QQQ7KKM896QY:3EQHHY4HQSS60TQXMED6B4LQQHC5GS,focus,5952,on,1464328394709
A1QQQ7KKM896QY:3EQHHY4HQSS60TQXMED6B4LQQHC5GS,focus,3325,off,1464328398034
A1QQQ7KKM896QY:3EQHHY4HQSS60TQXMED6B4LQQHC5GS,focus,36238,on,1464328434272
A1QQQ7KKM896QY:3EQHHY4HQSS60TQXMED6B4LQQHC5GS,focus,115392,off,1464328549664
A1QQQ7KKM896QY:3EQHHY4HQSS60TQXMED6B4LQQHC5GS,focus,6142,on,1464328555806
A1RHFE4FQRHEQO:39GHHAVOMFRYVCCYGFFZ3P7SIDX4JP,initialized,0,,1464330129800
A1RHFE4FQRHEQO:39GHHAVOMFRYVCCYGFFZ3P7SIDX4JP,window_resize,0,"[1020, 714]",1464330129800
A1RHFE4FQRHEQO:39GHHAVOMFRYVCCYGFFZ3P7SIDX4JP,focus,328210,off,1464330458010
A1RHFE4FQRHEQO:39GHHAVOMFRYVCCYGFFZ3P7SIDX4JP,focus,5589,on,1464330463599
A1TLNLB9D87H6:3KMS4QQVK2Q34CF5IHBUV84WMQVFK8,initialized,0,,1464245182467
A1TLNLB9D87H6:3KMS4QQVK2Q34CF5IHBUV84WMQVFK8,window_resize,1,"[1596, 846]",1464245182468
A1TLNLB9D87H6:3KMS4QQVK2Q34CF5IHBUV84WMQVFK8,focus,7945,off,1464245190413
A1TLNLB9D87H6:3KMS4QQVK2Q34CF5IHBUV84WMQVFK8,focus,3657,on,1464245194070
A1TLNLB9D87H6:3KMS4QQVK2Q34CF5IHBUV84WMQVFK8,focus,61994,off,1464245256064
A1TLNLB9D87H6:3KMS4QQVK2Q34CF5IHBUV84WMQVFK8,focus,5772,on,1464245261836
A1TLNLB9D87H6:3KMS4QQVK2Q34CF5IHBUV84WMQVFK8,focus,76875,off,1464245338711
A1TLNLB9D87H6:3KMS4QQVK2Q34CF5IHBUV84WMQVFK8,focus,11104,on,1464245349815
A1TLNLB9D87H6:3KMS4QQVK2Q34CF5IHBUV84WMQVFK8,focus,56048,off,1464245405863
A1TLNLB9D87H6:3KMS4QQVK2Q34CF5IHBUV84WMQVFK8,focus,3938,on,1464245409801
A1TLNLB9D87H6:3KMS4QQVK2Q34CF5IHBUV84WMQVFK8,focus,3797,off,1464245413598
A1TLNLB9D87H6:3KMS4QQVK2Q34CF5IHBUV84WMQVFK8,focus,4163,on,1464245417761
A1TLNLB9D87H6:3KMS4QQVK2Q34CF5IHBUV84WMQVFK8,focus,21273,off,1464245439034
A1TLNLB9D87H6:3KMS4QQVK2Q34CF5IHBUV84WMQVFK8,focus,3719,on,1464245442753
A1UGD2VEVSML1U:3NPI0JQDAO5EY8UMQTLR8T5W7BKPT6,initialized,0,,1464328378313
A1UGD2VEVSML1U:3NPI0JQDAO5EY8UMQTLR8T5W7BKPT6,window_resize,0,"[1280, 920]",1464328378313
A1UGD2VEVSML1U:3NPI0JQDAO5EY8UMQTLR8T5W7BKPT6,focus,546,on,1464328378859
A1V1JNPU0KOA3X:33LK57MYLT57XCJDO2E3PMBOFRDZSC,initialized,0,,1464328188504
A1V1JNPU0KOA3X:33LK57MYLT57XCJDO2E3PMBOFRDZSC,window_resize,0,"[1362, 714]",1464328188504
A1VXE7W49BTDAB:3OS46CRSLFZL1UG6GSMX3B209RA6VX,initialized,0,,1464328166836
A1VXE7W49BTDAB:3OS46CRSLFZL1UG6GSMX3B209RA6VX,window_resize,0,"[1680, 907]",1464328166836
A1VXE7W49BTDAB:3OS46CRSLFZL1UG6GSMX3B209RA6VX,focus,87464,off,1464328254300
A1VXE7W49BTDAB:3OS46CRSLFZL1UG6GSMX3B209RA6VX,focus,8136,on,1464328262436
A1XSL223UP6NMI:3C8HJ7UOP7U4ZH6845IHDDCIN2VMZN,initialized,0,,1464328516360
A1XSL223UP6NMI:3C8HJ7UOP7U4ZH6845IHDDCIN2VMZN,window_resize,0,"[1600, 856]",1464328516360
A1YD6IATEIIG4X:3D8YOU6S9EKLOFR6B2CS7P0HUZ2U6Q,initialized,0,,1462918513044
A1YD6IATEIIG4X:3D8YOU6S9EKLOFR6B2CS7P0HUZ2U6Q,window_resize,0,"[1920, 1035]",1462918513044
A1YD6IATEIIG4X:3D8YOU6S9EKLOFR6B2CS7P0HUZ2U6Q,focus,247752,off,1462918760796
A1YD6IATEIIG4X:3D8YOU6S9EKLOFR6B2CS7P0HUZ2U6Q,focus,8348,on,1462918769144
A1YD6IATEIIG4X:3D8YOU6S9EKLOFR6B2CS7P0HUZ2U6Q,focus,27956,off,1462918797100
A1YD6IATEIIG4X:3D8YOU6S9EKLOFR6B2CS7P0HUZ2U6Q,focus,930,on,1462918798030
A1YD6IATEIIG4X:3D8YOU6S9EKLOFR6B2CS7P0HUZ2U6Q,focus,920,off,1462918798950
A1YD6IATEIIG4X:3D8YOU6S9EKLOFR6B2CS7P0HUZ2U6Q,focus,6612,on,1462918805562
A1YDAYF942XA4G:3H0W84IWBK2XL2S4DQ0LE25A5JLERX,initialized,0,,1464328260215
A1YDAYF942XA4G:3H0W84IWBK2XL2S4DQ0LE25A5JLERX,window_resize,0,"[1366, 723]",1464328260215
A1YDAYF942XA4G:3H0W84IWBK2XL2S4DQ0LE25A5JLERX,focus,25075,off,1464328285290
A1YDAYF942XA4G:3H0W84IWBK2XL2S4DQ0LE25A5JLERX,focus,20960,on,1464328306250
A1YDAYF942XA4G:3H0W84IWBK2XL2S4DQ0LE25A5JLERX,focus,50328,off,1464328356578
A1YDAYF942XA4G:3H0W84IWBK2XL2S4DQ0LE25A5JLERX,focus,13244,on,1464328369822
A1YDAYF942XA4G:3H0W84IWBK2XL2S4DQ0LE25A5JLERX,focus,37901,off,1464328407723
A1YDAYF942XA4G:3H0W84IWBK2XL2S4DQ0LE25A5JLERX,focus,22500,on,1464328430223
A1YDAYF942XA4G:3H0W84IWBK2XL2S4DQ0LE25A5JLERX,focus,4679,off,1464328434902
A1YDAYF942XA4G:3H0W84IWBK2XL2S4DQ0LE25A5JLERX,focus,53607,on,1464328488509
A1YDAYF942XA4G:3H0W84IWBK2XL2S4DQ0LE25A5JLERX,focus,2112,off,1464328490621
A1YDAYF942XA4G:3H0W84IWBK2XL2S4DQ0LE25A5JLERX,focus,84378,on,1464328574999
A1YDAYF942XA4G:3H0W84IWBK2XL2S4DQ0LE25A5JLERX,focus,4965,off,1464328579964
A1YDAYF942XA4G:3H0W84IWBK2XL2S4DQ0LE25A5JLERX,focus,26244,on,1464328606208
A1YDAYF942XA4G:3H0W84IWBK2XL2S4DQ0LE25A5JLERX,focus,4607,off,1464328610815
A1YDAYF942XA4G:3H0W84IWBK2XL2S4DQ0LE25A5JLERX,focus,29430,on,1464328640245
A1YDAYF942XA4G:3H0W84IWBK2XL2S4DQ0LE25A5JLERX,focus,3758,off,1464328644003
A1YDAYF942XA4G:3H0W84IWBK2XL2S4DQ0LE25A5JLERX,focus,27080,on,1464328671083
A1YDAYF942XA4G:3H0W84IWBK2XL2S4DQ0LE25A5JLERX,focus,161957,off,1464328833040
A1YDAYF942XA4G:3H0W84IWBK2XL2S4DQ0LE25A5JLERX,focus,45237,on,1464328878277
A1YDAYF942XA4G:3H0W84IWBK2XL2S4DQ0LE25A5JLERX,focus,12526,off,1464328890803
A1YDAYF942XA4G:3H0W84IWBK2XL2S4DQ0LE25A5JLERX,focus,14552,on,1464328905355
A1YDAYF942XA4G:3H0W84IWBK2XL2S4DQ0LE25A5JLERX,focus,6324,off,1464328911679
A1YDAYF942XA4G:3H0W84IWBK2XL2S4DQ0LE25A5JLERX,focus,49477,on,1464328961156
A1YDAYF942XA4G:3H0W84IWBK2XL2S4DQ0LE25A5JLERX,focus,5974,off,1464328967130
A1YDAYF942XA4G:3H0W84IWBK2XL2S4DQ0LE25A5JLERX,focus,12173,on,1464328979303
A1YDAYF942XA4G:3H0W84IWBK2XL2S4DQ0LE25A5JLERX,focus,8446,off,1464328987749
A1YDAYF942XA4G:3H0W84IWBK2XL2S4DQ0LE25A5JLERX,focus,33654,on,1464329021403
A1YDAYF942XA4G:3H0W84IWBK2XL2S4DQ0LE25A5JLERX,focus,5385,off,1464329026788
A1YDAYF942XA4G:3H0W84IWBK2XL2S4DQ0LE25A5JLERX,focus,7156,on,1464329033944
A1YDAYF942XA4G:3H0W84IWBK2XL2S4DQ0LE25A5JLERX,focus,11657,off,1464329045601
A1YDAYF942XA4G:3H0W84IWBK2XL2S4DQ0LE25A5JLERX,focus,68773,on,1464329114374
A1YDAYF942XA4G:3H0W84IWBK2XL2S4DQ0LE25A5JLERX,focus,5126,off,1464329119500
A1YDAYF942XA4G:3H0W84IWBK2XL2S4DQ0LE25A5JLERX,focus,15259,on,1464329134759
A1YDAYF942XA4G:3H0W84IWBK2XL2S4DQ0LE25A5JLERX,focus,9473,off,1464329144232
A1YDAYF942XA4G:3H0W84IWBK2XL2S4DQ0LE25A5JLERX,focus,52355,on,1464329196587
A1YDAYF942XA4G:3H0W84IWBK2XL2S4DQ0LE25A5JLERX,focus,11965,off,1464329208552
A1YDAYF942XA4G:3H0W84IWBK2XL2S4DQ0LE25A5JLERX,focus,92673,on,1464329301225
A1YDAYF942XA4G:3H0W84IWBK2XL2S4DQ0LE25A5JLERX,focus,6634,off,1464329307859
A1YDAYF942XA4G:3H0W84IWBK2XL2S4DQ0LE25A5JLERX,focus,14202,on,1464329322061
A1YDAYF942XA4G:3H0W84IWBK2XL2S4DQ0LE25A5JLERX,focus,28271,off,1464329350332
A1YDAYF942XA4G:3H0W84IWBK2XL2S4DQ0LE25A5JLERX,focus,43418,on,1464329393750
A1YDAYF942XA4G:3H0W84IWBK2XL2S4DQ0LE25A5JLERX,focus,8494,off,1464329402244
A1YDAYF942XA4G:3H0W84IWBK2XL2S4DQ0LE25A5JLERX,focus,23532,on,1464329425776
A1YDAYF942XA4G:3H0W84IWBK2XL2S4DQ0LE25A5JLERX,focus,20349,off,1464329446125
A1YDAYF942XA4G:3H0W84IWBK2XL2S4DQ0LE25A5JLERX,focus,96561,on,1464329542686
A1YDAYF942XA4G:3H0W84IWBK2XL2S4DQ0LE25A5JLERX,focus,42759,off,1464329585445
A1YDAYF942XA4G:3H0W84IWBK2XL2S4DQ0LE25A5JLERX,focus,22383,on,1464329607828
A1YDAYF942XA4G:3H0W84IWBK2XL2S4DQ0LE25A5JLERX,focus,10252,off,1464329618080
A1YDAYF942XA4G:3H0W84IWBK2XL2S4DQ0LE25A5JLERX,focus,38318,on,1464329656398
A1YDAYF942XA4G:3H0W84IWBK2XL2S4DQ0LE25A5JLERX,focus,4049,off,1464329660447
A1YDAYF942XA4G:3H0W84IWBK2XL2S4DQ0LE25A5JLERX,focus,25608,on,1464329686055
A1YDAYF942XA4G:3H0W84IWBK2XL2S4DQ0LE25A5JLERX,focus,18221,off,1464329704276
A1YDAYF942XA4G:3H0W84IWBK2XL2S4DQ0LE25A5JLERX,focus,22298,on,1464329726574
A1YDAYF942XA4G:3H0W84IWBK2XL2S4DQ0LE25A5JLERX,focus,3304,off,1464329729878
A1YDAYF942XA4G:3H0W84IWBK2XL2S4DQ0LE25A5JLERX,focus,72728,on,1464329802606
A1YDAYF942XA4G:3H0W84IWBK2XL2S4DQ0LE25A5JLERX,focus,4900,off,1464329807506
A1YDAYF942XA4G:3H0W84IWBK2XL2S4DQ0LE25A5JLERX,focus,13582,on,1464329821088
A1YDAYF942XA4G:3H0W84IWBK2XL2S4DQ0LE25A5JLERX,focus,1771,off,1464329822859
A1YDAYF942XA4G:3H0W84IWBK2XL2S4DQ0LE25A5JLERX,focus,17626,on,1464329840485
A1YDAYF942XA4G:3H0W84IWBK2XL2S4DQ0LE25A5JLERX,focus,5069,off,1464329845554
A1YDAYF942XA4G:3H0W84IWBK2XL2S4DQ0LE25A5JLERX,focus,10267,on,1464329855821
A1YDAYF942XA4G:3H0W84IWBK2XL2S4DQ0LE25A5JLERX,focus,5034,off,1464329860855
A1YDAYF942XA4G:3H0W84IWBK2XL2S4DQ0LE25A5JLERX,focus,28216,on,1464329889071
A1YDAYF942XA4G:3H0W84IWBK2XL2S4DQ0LE25A5JLERX,focus,3495,off,1464329892566
A1YDAYF942XA4G:3H0W84IWBK2XL2S4DQ0LE25A5JLERX,focus,17806,on,1464329910372
A1YDAYF942XA4G:3H0W84IWBK2XL2S4DQ0LE25A5JLERX,focus,13524,off,1464329923896
A1YDAYF942XA4G:3H0W84IWBK2XL2S4DQ0LE25A5JLERX,focus,22368,on,1464329946264
A1YDAYF942XA4G:3H0W84IWBK2XL2S4DQ0LE25A5JLERX,focus,3902,off,1464329950166
A1YDAYF942XA4G:3H0W84IWBK2XL2S4DQ0LE25A5JLERX,focus,48351,on,1464329998517
A1YDAYF942XA4G:3H0W84IWBK2XL2S4DQ0LE25A5JLERX,focus,10752,off,1464330009269
A1YDAYF942XA4G:3H0W84IWBK2XL2S4DQ0LE25A5JLERX,focus,88617,on,1464330097886
A1YDAYF942XA4G:3H0W84IWBK2XL2S4DQ0LE25A5JLERX,focus,12420,off,1464330110306
A1YDAYF942XA4G:3H0W84IWBK2XL2S4DQ0LE25A5JLERX,focus,19039,on,1464330129345
A1YDAYF942XA4G:3H0W84IWBK2XL2S4DQ0LE25A5JLERX,focus,8410,off,1464330137755
A1YDAYF942XA4G:3H0W84IWBK2XL2S4DQ0LE25A5JLERX,focus,26730,on,1464330164485
A1YDAYF942XA4G:3H0W84IWBK2XL2S4DQ0LE25A5JLERX,focus,23279,off,1464330187764
A1YDAYF942XA4G:3H0W84IWBK2XL2S4DQ0LE25A5JLERX,focus,26762,on,1464330214526
A1YDAYF942XA4G:3H0W84IWBK2XL2S4DQ0LE25A5JLERX,focus,2366,off,1464330216892
A1YDAYF942XA4G:3H0W84IWBK2XL2S4DQ0LE25A5JLERX,focus,28206,on,1464330245098
A1YDAYF942XA4G:3H0W84IWBK2XL2S4DQ0LE25A5JLERX,focus,13689,off,1464330258787
A1YDAYF942XA4G:3H0W84IWBK2XL2S4DQ0LE25A5JLERX,focus,12266,on,1464330271053
A1YDAYF942XA4G:3H0W84IWBK2XL2S4DQ0LE25A5JLERX,focus,1673,off,1464330272726
A1YDAYF942XA4G:3H0W84IWBK2XL2S4DQ0LE25A5JLERX,focus,58922,on,1464330331648
A1YDAYF942XA4G:3H0W84IWBK2XL2S4DQ0LE25A5JLERX,focus,2624,off,1464330334272
A1YDAYF942XA4G:3H0W84IWBK2XL2S4DQ0LE25A5JLERX,focus,12526,on,1464330346798
A1YDAYF942XA4G:3H0W84IWBK2XL2S4DQ0LE25A5JLERX,focus,3750,off,1464330350548
A1YDAYF942XA4G:3H0W84IWBK2XL2S4DQ0LE25A5JLERX,focus,80089,on,1464330430637
A1YDAYF942XA4G:3H0W84IWBK2XL2S4DQ0LE25A5JLERX,focus,2454,off,1464330433091
A1YDAYF942XA4G:3H0W84IWBK2XL2S4DQ0LE25A5JLERX,focus,93499,on,1464330526590
A1YDAYF942XA4G:3H0W84IWBK2XL2S4DQ0LE25A5JLERX,focus,17494,off,1464330544084
A1YDAYF942XA4G:3H0W84IWBK2XL2S4DQ0LE25A5JLERX,focus,26353,on,1464330570437
A1YDAYF942XA4G:3H0W84IWBK2XL2S4DQ0LE25A5JLERX,focus,36968,off,1464330607405
A1YDAYF942XA4G:3H0W84IWBK2XL2S4DQ0LE25A5JLERX,focus,10576,on,1464330617981
A1YDAYF942XA4G:3H0W84IWBK2XL2S4DQ0LE25A5JLERX,focus,8942,off,1464330626923
A1YDAYF942XA4G:3H0W84IWBK2XL2S4DQ0LE25A5JLERX,focus,18963,on,1464330645886
A1YDAYF942XA4G:3H0W84IWBK2XL2S4DQ0LE25A5JLERX,focus,3448,off,1464330649334
A1YDAYF942XA4G:3H0W84IWBK2XL2S4DQ0LE25A5JLERX,focus,112791,on,1464330762125
A1YDAYF942XA4G:3H0W84IWBK2XL2S4DQ0LE25A5JLERX,focus,6665,off,1464330768790
A1YDAYF942XA4G:3H0W84IWBK2XL2S4DQ0LE25A5JLERX,focus,8241,on,1464330777031
A1YDAYF942XA4G:3H0W84IWBK2XL2S4DQ0LE25A5JLERX,focus,12339,off,1464330789370
A1YDAYF942XA4G:3H0W84IWBK2XL2S4DQ0LE25A5JLERX,focus,20191,on,1464330809561
A1YDAYF942XA4G:3H0W84IWBK2XL2S4DQ0LE25A5JLERX,focus,7179,off,1464330816740
A1YDAYF942XA4G:3H0W84IWBK2XL2S4DQ0LE25A5JLERX,focus,140843,on,1464330957583
A1YDAYF942XA4G:3H0W84IWBK2XL2S4DQ0LE25A5JLERX,focus,8075,off,1464330965658
A1YDAYF942XA4G:3H0W84IWBK2XL2S4DQ0LE25A5JLERX,focus,36308,on,1464331001966
A1YDAYF942XA4G:3H0W84IWBK2XL2S4DQ0LE25A5JLERX,focus,59449,off,1464331061415
A1YDAYF942XA4G:3H0W84IWBK2XL2S4DQ0LE25A5JLERX,focus,10744,on,1464331072159
A1YDAYF942XA4G:3H0W84IWBK2XL2S4DQ0LE25A5JLERX,focus,54202,off,1464331126361
A1YDAYF942XA4G:3H0W84IWBK2XL2S4DQ0LE25A5JLERX,focus,7965,on,1464331134326
A1YDAYF942XA4G:3H0W84IWBK2XL2S4DQ0LE25A5JLERX,focus,7981,off,1464331142307
A1YDAYF942XA4G:3H0W84IWBK2XL2S4DQ0LE25A5JLERX,focus,19182,on,1464331161489
A1YDAYF942XA4G:3H0W84IWBK2XL2S4DQ0LE25A5JLERX,focus,14669,off,1464331176158
A1YDAYF942XA4G:3H0W84IWBK2XL2S4DQ0LE25A5JLERX,focus,25529,on,1464331201687
A1YDAYF942XA4G:3H0W84IWBK2XL2S4DQ0LE25A5JLERX,focus,2295,off,1464331203982
A1YDAYF942XA4G:3H0W84IWBK2XL2S4DQ0LE25A5JLERX,focus,55823,on,1464331259805
A1YDAYF942XA4G:3H0W84IWBK2XL2S4DQ0LE25A5JLERX,focus,66775,off,1464331326580
A1YDAYF942XA4G:3H0W84IWBK2XL2S4DQ0LE25A5JLERX,focus,22380,on,1464331348960
A1YDAYF942XA4G:3H0W84IWBK2XL2S4DQ0LE25A5JLERX,focus,12264,off,1464331361224
A1YDAYF942XA4G:3H0W84IWBK2XL2S4DQ0LE25A5JLERX,focus,13432,on,1464331374656
A1YDAYF942XA4G:3H0W84IWBK2XL2S4DQ0LE25A5JLERX,focus,76604,off,1464331451260
A1YDAYF942XA4G:3H0W84IWBK2XL2S4DQ0LE25A5JLERX,focus,27596,on,1464331478856
A1YDAYF942XA4G:3H0W84IWBK2XL2S4DQ0LE25A5JLERX,focus,22848,off,1464331501704
A1YDAYF942XA4G:3H0W84IWBK2XL2S4DQ0LE25A5JLERX,focus,23632,on,1464331525336
A1YDAYF942XA4G:3H0W84IWBK2XL2S4DQ0LE25A5JLERX,focus,4802,off,1464331530138
A1YDAYF942XA4G:3H0W84IWBK2XL2S4DQ0LE25A5JLERX,focus,4446,on,1464331534584
A1YDAYF942XA4G:3H0W84IWBK2XL2S4DQ0LE25A5JLERX,focus,9681,off,1464331544265
A1YDAYF942XA4G:3H0W84IWBK2XL2S4DQ0LE25A5JLERX,focus,5449,on,1464331549714
A1YDAYF942XA4G:3H0W84IWBK2XL2S4DQ0LE25A5JLERX,focus,25575,off,1464331575289
A1YDAYF942XA4G:3H0W84IWBK2XL2S4DQ0LE25A5JLERX,focus,4403,on,1464331579692
A1ZWJF3V4NXN6H:392CY0QWG1R201SSYXUZROSS5Y84ID,initialized,0,,1464328172297
A1ZWJF3V4NXN6H:392CY0QWG1R201SSYXUZROSS5Y84ID,window_resize,0,"[1920, 945]",1464328172297
A21KBOIUQBPQDT:3300DTYQT2HX91D40BBL9CV59XJEQW,initialized,0,,1464328177410
A21KBOIUQBPQDT:3300DTYQT2HX91D40BBL9CV59XJEQW,window_resize,0,"[1362, 714]",1464328177410
A27Q6RG3OZ43O:3LRKMWOKB5HESD2FUNZXY4YKHXDZ28,initialized,0,,1464328305898
A27Q6RG3OZ43O:3LRKMWOKB5HESD2FUNZXY4YKHXDZ28,window_resize,0,"[1354, 708]",1464328305898
A2I8VBHRESMG9S:3DYGAII7PL816S2U9PRW3OU9N4LPQS,initialized,0,,1464328279168
A2I8VBHRESMG9S:3DYGAII7PL816S2U9PRW3OU9N4LPQS,window_resize,0,"[1282, 673]",1464328279168
A2JCHN90PRUWDH:30OG32W0SUBC640CKJJ45I004KLNE3,initialized,0,,1464244390712
A2JCHN90PRUWDH:30OG32W0SUBC640CKJJ45I004KLNE3,window_resize,1,"[699, 580]",1464244390713
A2JCHN90PRUWDH:30OG32W0SUBC640CKJJ45I004KLNE3,focus,618,off,1464244391331
A2JCHN90PRUWDH:30OG32W0SUBC640CKJJ45I004KLNE3,focus,15606,on,1464244406937
A2JCHN90PRUWDH:30OG32W0SUBC640CKJJ45I004KLNE3,focus,12477,off,1464244419414
A2JCHN90PRUWDH:30OG32W0SUBC640CKJJ45I004KLNE3,focus,2404,on,1464244421818
A2KJFH8QSCARQA:3HHRAGRYX85DTT97DN3VSTZU3ZL9O9,initialized,0,,1464328412193
A2KJFH8QSCARQA:3HHRAGRYX85DTT97DN3VSTZU3ZL9O9,window_resize,0,"[1536, 828]",1464328412193
A2KJFH8QSCARQA:3HHRAGRYX85DTT97DN3VSTZU3ZL9O9,focus,141247,off,1464328553440
A2KJFH8QSCARQA:3HHRAGRYX85DTT97DN3VSTZU3ZL9O9,focus,28567,on,1464328582007
A2KJFH8QSCARQA:3HHRAGRYX85DTT97DN3VSTZU3ZL9O9,focus,239008,off,1464328821015
A2KJFH8QSCARQA:3HHRAGRYX85DTT97DN3VSTZU3ZL9O9,focus,20630,on,1464328841645
A2MUCL20GTQJA0:3Z2R0DQ0JHEGHIBJY0LKDUX2TR62E7,initialized,0,,1464328321533
A2MUCL20GTQJA0:3Z2R0DQ0JHEGHIBJY0LKDUX2TR62E7,window_resize,0,"[1920, 1040]",1464328321533
A2MUCL20GTQJA0:3Z2R0DQ0JHEGHIBJY0LKDUX2TR62E7,focus,571927,off,1464328893460
A2MUCL20GTQJA0:3Z2R0DQ0JHEGHIBJY0LKDUX2TR62E7,focus,11782,on,1464328905242
A2OS6STT1ZSV07:3PH3VY7DJLX04T0M87O4MBE9L49WZO,initialized,0,,1464328161590
A2OS6STT1ZSV07:3PH3VY7DJLX04T0M87O4MBE9L49WZO,window_resize,0,"[1531, 814]",1464328161590
A2OS6STT1ZSV07:3PH3VY7DJLX04T0M87O4MBE9L49WZO,focus,48587,off,1464328210177
A2OS6STT1ZSV07:3PH3VY7DJLX04T0M87O4MBE9L49WZO,focus,14130,on,1464328224307
A2OS6STT1ZSV07:3PH3VY7DJLX04T0M87O4MBE9L49WZO,focus,1716,off,1464328226023
A2OS6STT1ZSV07:3PH3VY7DJLX04T0M87O4MBE9L49WZO,focus,18620,on,1464328244643
A2OS6STT1ZSV07:3PH3VY7DJLX04T0M87O4MBE9L49WZO,focus,91708,off,1464328336351
A2OS6STT1ZSV07:3PH3VY7DJLX04T0M87O4MBE9L49WZO,focus,39426,on,1464328375777
A2OS6STT1ZSV07:3PH3VY7DJLX04T0M87O4MBE9L49WZO,focus,53642,off,1464328429419
A2OS6STT1ZSV07:3PH3VY7DJLX04T0M87O4MBE9L49WZO,focus,12267,on,1464328441686
A2OS6STT1ZSV07:3PH3VY7DJLX04T0M87O4MBE9L49WZO,focus,37872,off,1464328479558
A2OS6STT1ZSV07:3PH3VY7DJLX04T0M87O4MBE9L49WZO,focus,15095,on,1464328494653
A2OS6STT1ZSV07:3PH3VY7DJLX04T0M87O4MBE9L49WZO,focus,19476,off,1464328514129
A2OS6STT1ZSV07:3PH3VY7DJLX04T0M87O4MBE9L49WZO,focus,14573,on,1464328528702
A2OS6STT1ZSV07:3PH3VY7DJLX04T0M87O4MBE9L49WZO,focus,4670,off,1464328533372
A2OS6STT1ZSV07:3PH3VY7DJLX04T0M87O4MBE9L49WZO,focus,974,on,1464328534346
A2OS6STT1ZSV07:3PH3VY7DJLX04T0M87O4MBE9L49WZO,focus,21851,off,1464328556197
A2OS6STT1ZSV07:3PH3VY7DJLX04T0M87O4MBE9L49WZO,focus,5434,on,1464328561631
A2OS6STT1ZSV07:3PH3VY7DJLX04T0M87O4MBE9L49WZO,focus,21588,off,1464328583219
A2OS6STT1ZSV07:3PH3VY7DJLX04T0M87O4MBE9L49WZO,focus,7441,on,1464328590660
A2OS6STT1ZSV07:3PH3VY7DJLX04T0M87O4MBE9L49WZO,focus,9778,off,1464328600438
A2OS6STT1ZSV07:3PH3VY7DJLX04T0M87O4MBE9L49WZO,focus,4462,on,1464328604900
A2OS6STT1ZSV07:3PH3VY7DJLX04T0M87O4MBE9L49WZO,focus,16734,off,1464328621634
A2OS6STT1ZSV07:3PH3VY7DJLX04T0M87O4MBE9L49WZO,focus,4616,on,1464328626250
A2OS6STT1ZSV07:3PH3VY7DJLX04T0M87O4MBE9L49WZO,focus,55828,off,1464328682078
A2OS6STT1ZSV07:3PH3VY7DJLX04T0M87O4MBE9L49WZO,focus,15924,on,1464328698002
A2OS6STT1ZSV07:3PH3VY7DJLX04T0M87O4MBE9L49WZO,focus,3738,off,1464328701740
A2OS6STT1ZSV07:3PH3VY7DJLX04T0M87O4MBE9L49WZO,focus,13921,on,1464328715661
A2OS6STT1ZSV07:3PH3VY7DJLX04T0M87O4MBE9L49WZO,focus,28686,off,1464328744347
A2OS6STT1ZSV07:3PH3VY7DJLX04T0M87O4MBE9L49WZO,focus,5259,on,1464328749606
A2WGW5Y3ZFBDEC:36U2A8VAG1Z943W0N73IKTBCS1LKYA,initialized,0,,1464245887300
A2WGW5Y3ZFBDEC:36U2A8VAG1Z943W0N73IKTBCS1LKYA,window_resize,1,"[1366, 670]",1464245887301
A2X5XYYJKTRXJE:3C5W7UE9CFQFUM6T3NUWGSW7F2XMXQ,initialized,0,,1464328393130
A2X5XYYJKTRXJE:3C5W7UE9CFQFUM6T3NUWGSW7F2XMXQ,window_resize,0,"[1356, 714]",1464328393130
A2X5XYYJKTRXJE:3C5W7UE9CFQFUM6T3NUWGSW7F2XMXQ,focus,67498,off,1464328460628
A2X5XYYJKTRXJE:3C5W7UE9CFQFUM6T3NUWGSW7F2XMXQ,focus,24799,on,1464328485427
A2X5XYYJKTRXJE:3C5W7UE9CFQFUM6T3NUWGSW7F2XMXQ,focus,133342,off,1464328618769
A2X5XYYJKTRXJE:3C5W7UE9CFQFUM6T3NUWGSW7F2XMXQ,focus,12981,on,1464328631750
A2X5XYYJKTRXJE:3C5W7UE9CFQFUM6T3NUWGSW7F2XMXQ,focus,88706,off,1464328720456
A2X5XYYJKTRXJE:3C5W7UE9CFQFUM6T3NUWGSW7F2XMXQ,focus,10699,on,1464328731155
A2X5XYYJKTRXJE:3C5W7UE9CFQFUM6T3NUWGSW7F2XMXQ,focus,149589,off,1464328880744
A2X5XYYJKTRXJE:3C5W7UE9CFQFUM6T3NUWGSW7F2XMXQ,focus,7781,on,1464328888525
A2ZDK0Y5466BXN:3ATPCQ38J8A3SQNEBGQTQF8GM6UYA9,initialized,0,,1462953136024
A2ZDK0Y5466BXN:3ATPCQ38J8A3SQNEBGQTQF8GM6UYA9,window_resize,0,"[1280, 711]",1462953136024
A2ZDK0Y5466BXN:3ATPCQ38J8A3SQNEBGQTQF8GM6UYA9,focus,1210,on,1462953137234
A2ZDK0Y5466BXN:3ATPCQ38J8A3SQNEBGQTQF8GM6UYA9,focus,77281,off,1462953214515
A2ZDK0Y5466BXN:3ATPCQ38J8A3SQNEBGQTQF8GM6UYA9,focus,36375,on,1462953250890
A2ZDK0Y5466BXN:3ATPCQ38J8A3SQNEBGQTQF8GM6UYA9,focus,7271,off,1462953258161
A2ZDK0Y5466BXN:3ATPCQ38J8A3SQNEBGQTQF8GM6UYA9,focus,2429,on,1462953260590
A2ZDK0Y5466BXN:3ATPCQ38J8A3SQNEBGQTQF8GM6UYA9,focus,4684,off,1462953265274
A2ZDK0Y5466BXN:3ATPCQ38J8A3SQNEBGQTQF8GM6UYA9,focus,41684,on,1462953306958
A2ZDK0Y5466BXN:3ATPCQ38J8A3SQNEBGQTQF8GM6UYA9,focus,20333,off,1462953327291
A2ZDK0Y5466BXN:3ATPCQ38J8A3SQNEBGQTQF8GM6UYA9,focus,144182,on,1462953471473
A2ZDK0Y5466BXN:3ATPCQ38J8A3SQNEBGQTQF8GM6UYA9,focus,48001,off,1462953519474
A2ZDK0Y5466BXN:3ATPCQ38J8A3SQNEBGQTQF8GM6UYA9,focus,38890,on,1462953558364
A2ZDK0Y5466BXN:3ATPCQ38J8A3SQNEBGQTQF8GM6UYA9,focus,7719,off,1462953566083
A2ZDK0Y5466BXN:3ATPCQ38J8A3SQNEBGQTQF8GM6UYA9,focus,22018,on,1462953588101
A2ZDK0Y5466BXN:3ATPCQ38J8A3SQNEBGQTQF8GM6UYA9,focus,11549,off,1462953599650
A2ZDK0Y5466BXN:3ATPCQ38J8A3SQNEBGQTQF8GM6UYA9,focus,1060190,on,1462954659840
A2ZDK0Y5466BXN:3ATPCQ38J8A3SQNEBGQTQF8GM6UYA9,focus,13831,off,1462954673671
A2ZDK0Y5466BXN:3ATPCQ38J8A3SQNEBGQTQF8GM6UYA9,focus,14819,on,1462954688490
A2ZDK0Y5466BXN:3ATPCQ38J8A3SQNEBGQTQF8GM6UYA9,focus,47098,off,1462954735588
A2ZDK0Y5466BXN:3ATPCQ38J8A3SQNEBGQTQF8GM6UYA9,focus,35796,on,1462954771384
A2ZDK0Y5466BXN:3ATPCQ38J8A3SQNEBGQTQF8GM6UYA9,focus,3827,off,1462954775211
A2ZDK0Y5466BXN:3ATPCQ38J8A3SQNEBGQTQF8GM6UYA9,focus,2723,on,1462954777934
A2ZDK0Y5466BXN:3ATPCQ38J8A3SQNEBGQTQF8GM6UYA9,focus,7683,off,1462954785617
A2ZDK0Y5466BXN:3ATPCQ38J8A3SQNEBGQTQF8GM6UYA9,focus,15869,on,1462954801486
A2ZDK0Y5466BXN:3ATPCQ38J8A3SQNEBGQTQF8GM6UYA9,focus,17801,off,1462954819287
A2ZDK0Y5466BXN:3ATPCQ38J8A3SQNEBGQTQF8GM6UYA9,focus,11678,on,1462954830965
A2ZDK0Y5466BXN:3ATPCQ38J8A3SQNEBGQTQF8GM6UYA9,focus,83116,off,1462954914081
A2ZDK0Y5466BXN:3ATPCQ38J8A3SQNEBGQTQF8GM6UYA9,focus,32575,on,1462954946656
A2ZDK0Y5466BXN:3ATPCQ38J8A3SQNEBGQTQF8GM6UYA9,focus,7802,off,1462954954458
A2ZDK0Y5466BXN:3ATPCQ38J8A3SQNEBGQTQF8GM6UYA9,focus,2933,on,1462954957391
A2ZDK0Y5466BXN:3ATPCQ38J8A3SQNEBGQTQF8GM6UYA9,focus,25129,off,1462954982520
A2ZDK0Y5466BXN:3ATPCQ38J8A3SQNEBGQTQF8GM6UYA9,focus,9319,on,1462954991839
A2ZDK0Y5466BXN:3ATPCQ38J8A3SQNEBGQTQF8GM6UYA9,focus,2538,off,1462954994377
A2ZDK0Y5466BXN:3ATPCQ38J8A3SQNEBGQTQF8GM6UYA9,focus,18035,on,1462955012412
A2ZDK0Y5466BXN:3ATPCQ38J8A3SQNEBGQTQF8GM6UYA9,focus,3521,off,1462955015933
A2ZDK0Y5466BXN:3ATPCQ38J8A3SQNEBGQTQF8GM6UYA9,focus,7677,on,1462955023610
A2ZDK0Y5466BXN:3ATPCQ38J8A3SQNEBGQTQF8GM6UYA9,focus,65540,off,1462955089150
A2ZDK0Y5466BXN:3ATPCQ38J8A3SQNEBGQTQF8GM6UYA9,focus,1654629,on,1462956743779
A2ZDK0Y5466BXN:3ATPCQ38J8A3SQNEBGQTQF8GM6UYA9,focus,5142,off,1462956748921
A2ZDK0Y5466BXN:3ATPCQ38J8A3SQNEBGQTQF8GM6UYA9,focus,83373,on,1462956832294
A2ZDK0Y5466BXN:3ATPCQ38J8A3SQNEBGQTQF8GM6UYA9,focus,510,off,1462956832804
A2ZDK0Y5466BXN:3ATPCQ38J8A3SQNEBGQTQF8GM6UYA9,focus,1001489,on,1462957834293
A2ZDK0Y5466BXN:3ATPCQ38J8A3SQNEBGQTQF8GM6UYA9,focus,69519,off,1462957903812
A2ZDK0Y5466BXN:3ATPCQ38J8A3SQNEBGQTQF8GM6UYA9,focus,22238,on,1462957926050
A2ZDK0Y5466BXN:3ATPCQ38J8A3SQNEBGQTQF8GM6UYA9,focus,77543,off,1462958003593
A2ZDK0Y5466BXN:3ATPCQ38J8A3SQNEBGQTQF8GM6UYA9,focus,15696,on,1462958019289
A2ZDK0Y5466BXN:3ATPCQ38J8A3SQNEBGQTQF8GM6UYA9,focus,13339,off,1462958032628
A2ZDK0Y5466BXN:3ATPCQ38J8A3SQNEBGQTQF8GM6UYA9,focus,89357,on,1462958121985
A2ZDK0Y5466BXN:3ATPCQ38J8A3SQNEBGQTQF8GM6UYA9,focus,48936,off,1462958170921
A2ZDK0Y5466BXN:3ATPCQ38J8A3SQNEBGQTQF8GM6UYA9,focus,42407,on,1462958213328
A2ZDK0Y5466BXN:3ATPCQ38J8A3SQNEBGQTQF8GM6UYA9,focus,27789,off,1462958241117
A2ZDK0Y5466BXN:3ATPCQ38J8A3SQNEBGQTQF8GM6UYA9,focus,21997,on,1462958263114
A2ZDK0Y5466BXN:3ATPCQ38J8A3SQNEBGQTQF8GM6UYA9,focus,68132,off,1462958331246
A2ZDK0Y5466BXN:3ATPCQ38J8A3SQNEBGQTQF8GM6UYA9,focus,8565762,on,1462966897008
A2ZDK0Y5466BXN:3ATPCQ38J8A3SQNEBGQTQF8GM6UYA9,focus,2476,off,1462966899484
A2ZDK0Y5466BXN:3ATPCQ38J8A3SQNEBGQTQF8GM6UYA9,focus,39194796,on,1463006094280
A33AZCOKCCTUXV:30H4UDGLT2IALD42HWKFMFA4D3OPM5,initialized,0,,1464328160997
A33AZCOKCCTUXV:30H4UDGLT2IALD42HWKFMFA4D3OPM5,window_resize,0,"[1920, 984]",1464328160997
A33AZCOKCCTUXV:30H4UDGLT2IALD42HWKFMFA4D3OPM5,focus,417,on,1464328161414
A33AZCOKCCTUXV:30H4UDGLT2IALD42HWKFMFA4D3OPM5,focus,295812,off,1464328457226
A33AZCOKCCTUXV:30H4UDGLT2IALD42HWKFMFA4D3OPM5,focus,1725,on,1464328458951
A33AZCOKCCTUXV:30H4UDGLT2IALD42HWKFMFA4D3OPM5,focus,2066,off,1464328461017
A33AZCOKCCTUXV:30H4UDGLT2IALD42HWKFMFA4D3OPM5,focus,40892,on,1464328501909
A33AZCOKCCTUXV:30H4UDGLT2IALD42HWKFMFA4D3OPM5,focus,371,off,1464328502280
A33AZCOKCCTUXV:30H4UDGLT2IALD42HWKFMFA4D3OPM5,focus,1131,on,1464328503411
A33AZCOKCCTUXV:30H4UDGLT2IALD42HWKFMFA4D3OPM5,focus,249250,off,1464328752661
A33AZCOKCCTUXV:30H4UDGLT2IALD42HWKFMFA4D3OPM5,focus,188805,on,1464328941466
A33AZCOKCCTUXV:30H4UDGLT2IALD42HWKFMFA4D3OPM5,focus,1867,off,1464328943333
A33AZCOKCCTUXV:30H4UDGLT2IALD42HWKFMFA4D3OPM5,focus,907,on,1464328944240
A33AZCOKCCTUXV:30H4UDGLT2IALD42HWKFMFA4D3OPM5,focus,29142,off,1464328973382
A33AZCOKCCTUXV:30H4UDGLT2IALD42HWKFMFA4D3OPM5,focus,3011,on,1464328976393
A33CFLCMJNHHNC:3Q8GYXHFEP2TJHASKSHNLD0BSPJC5O,initialized,0,,1464328287186
A33CFLCMJNHHNC:3Q8GYXHFEP2TJHASKSHNLD0BSPJC5O,window_resize,0,"[1902, 987]",1464328287186
A33CFLCMJNHHNC:3Q8GYXHFEP2TJHASKSHNLD0BSPJC5O,focus,516,on,1464328287702
A33CFLCMJNHHNC:3Q8GYXHFEP2TJHASKSHNLD0BSPJC5O,focus,140679,off,1464328428381
A33CFLCMJNHHNC:3Q8GYXHFEP2TJHASKSHNLD0BSPJC5O,focus,13395,on,1464328441776
A33CFLCMJNHHNC:3Q8GYXHFEP2TJHASKSHNLD0BSPJC5O,focus,730,off,1464328442506
A33CFLCMJNHHNC:3Q8GYXHFEP2TJHASKSHNLD0BSPJC5O,focus,17090,on,1464328459596
A33CFLCMJNHHNC:3Q8GYXHFEP2TJHASKSHNLD0BSPJC5O,focus,49754,off,1464328509350
A33CFLCMJNHHNC:3Q8GYXHFEP2TJHASKSHNLD0BSPJC5O,focus,30944,on,1464328540294
A33CFLCMJNHHNC:3Q8GYXHFEP2TJHASKSHNLD0BSPJC5O,focus,27346,off,1464328567640
A33CFLCMJNHHNC:3Q8GYXHFEP2TJHASKSHNLD0BSPJC5O,focus,11413,on,1464328579053
A382OV019QLW6H:3LUY3GC63Z0R0AXFDQIQ3XDEIEU7PD,initialized,0,,1464328238812
A382OV019QLW6H:3LUY3GC63Z0R0AXFDQIQ3XDEIEU7PD,window_resize,0,"[1600, 848]",1464328238812
A382OV019QLW6H:3LUY3GC63Z0R0AXFDQIQ3XDEIEU7PD,focus,221705,off,1464328460517
A382OV019QLW6H:3LUY3GC63Z0R0AXFDQIQ3XDEIEU7PD,focus,13675,on,1464328474192
A382OV019QLW6H:3LUY3GC63Z0R0AXFDQIQ3XDEIEU7PD,focus,4084,off,1464328478276
A382OV019QLW6H:3LUY3GC63Z0R0AXFDQIQ3XDEIEU7PD,focus,1667,on,1464328479943
A3EJ44J2ZNRMDA:33SA9F9TRXU2TY9QCKAR11DRXYZWEH,initialized,0,,1464328321599
A3EJ44J2ZNRMDA:33SA9F9TRXU2TY9QCKAR11DRXYZWEH,window_resize,0,"[1920, 1040]",1464328321599
A3GPTSDDHJ2DBV:3TESA3PJ31A40A7PPGSN5BG97DEMM0,initialized,0,,1463032197371
A3GPTSDDHJ2DBV:3TESA3PJ31A40A7PPGSN5BG97DEMM0,window_resize,0,"[1280, 728]",1463032197371
A3GPTSDDHJ2DBV:3TESA3PJ31A40A7PPGSN5BG97DEMM0,focus,98379,off,1463032295750
A3GPTSDDHJ2DBV:3TESA3PJ31A40A7PPGSN5BG97DEMM0,focus,19286,on,1463032315036
A3GPTSDDHJ2DBV:3TESA3PJ31A40A7PPGSN5BG97DEMM0,focus,95651,off,1463032410687
A3GPTSDDHJ2DBV:3TESA3PJ31A40A7PPGSN5BG97DEMM0,focus,8176974,on,1463040587661
A3GPTSDDHJ2DBV:3TESA3PJ31A40A7PPGSN5BG97DEMM0,focus,4226,off,1463040591887
A3GPTSDDHJ2DBV:3TESA3PJ31A40A7PPGSN5BG97DEMM0,focus,3804,on,1463040595691
A3GPTSDDHJ2DBV:3TESA3PJ31A40A7PPGSN5BG97DEMM0,focus,122139,off,1463040717830
A3GPTSDDHJ2DBV:3TESA3PJ31A40A7PPGSN5BG97DEMM0,focus,11100,on,1463040728930
A3GPTSDDHJ2DBV:3TESA3PJ31A40A7PPGSN5BG97DEMM0,focus,853,off,1463040729783
A3GPTSDDHJ2DBV:3TESA3PJ31A40A7PPGSN5BG97DEMM0,focus,6927,on,1463040736710
A3KKXA7COL5JHL:3QBD8R3Z21JCWN3VWS74BLOEH774O8,initialized,0,,1464328276544
A3KKXA7COL5JHL:3QBD8R3Z21JCWN3VWS74BLOEH774O8,window_resize,1,"[1584, 792]",1464328276545
A3KKXA7COL5JHL:3QBD8R3Z21JCWN3VWS74BLOEH774O8,focus,2173,on,1464328278718
A3KKXA7COL5JHL:3QBD8R3Z21JCWN3VWS74BLOEH774O8,focus,354503,off,1464328633221
A3KKXA7COL5JHL:3QBD8R3Z21JCWN3VWS74BLOEH774O8,focus,8555,on,1464328641776
A3O1RGEDKWD4QL:3I02618YA06TYL9BQYB1DPRYQPRPUX,initialized,0,,1464328333888
A3O1RGEDKWD4QL:3I02618YA06TYL9BQYB1DPRYQPRPUX,window_resize,0,"[1600, 821]",1464328333888
A3O1RGEDKWD4QL:3I02618YA06TYL9BQYB1DPRYQPRPUX,focus,132899,off,1464328466787
A3O1RGEDKWD4QL:3I02618YA06TYL9BQYB1DPRYQPRPUX,focus,39895,on,1464328506682
A3O1RGEDKWD4QL:3I02618YA06TYL9BQYB1DPRYQPRPUX,focus,77333,off,1464328584015
A3O1RGEDKWD4QL:3I02618YA06TYL9BQYB1DPRYQPRPUX,focus,20875,on,1464328604890
A3O1RGEDKWD4QL:3I02618YA06TYL9BQYB1DPRYQPRPUX,focus,15764,off,1464328620654
A3O1RGEDKWD4QL:3I02618YA06TYL9BQYB1DPRYQPRPUX,focus,70553,on,1464328691207
A3O1RGEDKWD4QL:3I02618YA06TYL9BQYB1DPRYQPRPUX,focus,79853,off,1464328771060
A3O1RGEDKWD4QL:3I02618YA06TYL9BQYB1DPRYQPRPUX,focus,48956,on,1464328820016
A3O1RGEDKWD4QL:3I02618YA06TYL9BQYB1DPRYQPRPUX,focus,248241,off,1464329068257
A3O1RGEDKWD4QL:3I02618YA06TYL9BQYB1DPRYQPRPUX,focus,5482,on,1464329073739
A3OC0ZHZBEPEA3:3ERET4BTVM9U32OSFVB2LCILJUB9KP,initialized,0,,1464328320580
A3OC0ZHZBEPEA3:3ERET4BTVM9U32OSFVB2LCILJUB9KP,window_resize,0,"[1280, 755]",1464328320580
A3OC0ZHZBEPEA3:3ERET4BTVM9U32OSFVB2LCILJUB9KP,focus,33989,off,1464328354569
A3OC0ZHZBEPEA3:3ERET4BTVM9U32OSFVB2LCILJUB9KP,focus,923,on,1464328355492
A3OC0ZHZBEPEA3:3ERET4BTVM9U32OSFVB2LCILJUB9KP,focus,654,off,1464328356146
A3OC0ZHZBEPEA3:3ERET4BTVM9U32OSFVB2LCILJUB9KP,focus,60216,on,1464328416362
A3OC0ZHZBEPEA3:3ERET4BTVM9U32OSFVB2LCILJUB9KP,focus,20256,off,1464328436618
A3OC0ZHZBEPEA3:3ERET4BTVM9U32OSFVB2LCILJUB9KP,focus,21767,on,1464328458385
A3OC0ZHZBEPEA3:3ERET4BTVM9U32OSFVB2LCILJUB9KP,focus,53181,off,1464328511566
A3OC0ZHZBEPEA3:3ERET4BTVM9U32OSFVB2LCILJUB9KP,focus,18194,on,1464328529760
A3OC0ZHZBEPEA3:3ERET4BTVM9U32OSFVB2LCILJUB9KP,focus,173052,off,1464328702812
A3OC0ZHZBEPEA3:3ERET4BTVM9U32OSFVB2LCILJUB9KP,focus,11372,on,1464328714184
A3OC0ZHZBEPEA3:3ERET4BTVM9U32OSFVB2LCILJUB9KP,focus,64835,off,1464328779019
A3OC0ZHZBEPEA3:3ERET4BTVM9U32OSFVB2LCILJUB9KP,focus,13963,on,1464328792982
A3OC0ZHZBEPEA3:3ERET4BTVM9U32OSFVB2LCILJUB9KP,focus,26108,off,1464328819090
A3OC0ZHZBEPEA3:3ERET4BTVM9U32OSFVB2LCILJUB9KP,focus,16290,on,1464328835380
A3OC0ZHZBEPEA3:3ERET4BTVM9U32OSFVB2LCILJUB9KP,focus,30231,off,1464328865611
A3OC0ZHZBEPEA3:3ERET4BTVM9U32OSFVB2LCILJUB9KP,focus,15217,on,1464328880828
A3OC0ZHZBEPEA3:3ERET4BTVM9U32OSFVB2LCILJUB9KP,focus,11229,off,1464328892057
A3OC0ZHZBEPEA3:3ERET4BTVM9U32OSFVB2LCILJUB9KP,focus,14706,on,1464328906763
A3OC0ZHZBEPEA3:3ERET4BTVM9U32OSFVB2LCILJUB9KP,focus,3628,off,1464328910391
A3OC0ZHZBEPEA3:3ERET4BTVM9U32OSFVB2LCILJUB9KP,focus,10898,on,1464328921289
A3OC0ZHZBEPEA3:3ERET4BTVM9U32OSFVB2LCILJUB9KP,focus,8948,off,1464328930237
A3OC0ZHZBEPEA3:3ERET4BTVM9U32OSFVB2LCILJUB9KP,focus,6859,on,1464328937096
A3OC0ZHZBEPEA3:3ERET4BTVM9U32OSFVB2LCILJUB9KP,focus,141701,off,1464329078797
A3OC0ZHZBEPEA3:3ERET4BTVM9U32OSFVB2LCILJUB9KP,focus,10384,on,1464329089181
A3OC0ZHZBEPEA3:3ERET4BTVM9U32OSFVB2LCILJUB9KP,focus,58497,off,1464329147678
A3OC0ZHZBEPEA3:3ERET4BTVM9U32OSFVB2LCILJUB9KP,focus,73761,on,1464329221439
A3OC0ZHZBEPEA3:3ERET4BTVM9U32OSFVB2LCILJUB9KP,focus,77650,off,1464329299089
A3OC0ZHZBEPEA3:3ERET4BTVM9U32OSFVB2LCILJUB9KP,focus,12669,on,1464329311758
A3P74FP62XNVYI:3Q5ZZ9ZEVOFR7EKF3G1IJR4S2YZ58C,initialized,0,,1464328240244
A3P74FP62XNVYI:3Q5ZZ9ZEVOFR7EKF3G1IJR4S2YZ58C,window_resize,1,"[1920, 1018]",1464328240245
A3P74FP62XNVYI:3Q5ZZ9ZEVOFR7EKF3G1IJR4S2YZ58C,focus,36626,off,1464328276871
A3P74FP62XNVYI:3Q5ZZ9ZEVOFR7EKF3G1IJR4S2YZ58C,focus,2414,on,1464328279285
A3REDG6510328U:3JAOYWH7VI45N86A0VN30CV08UG9LS,initialized,0,,1464328321292
A3REDG6510328U:3JAOYWH7VI45N86A0VN30CV08UG9LS,window_resize,1,"[1670, 993]",1464328321293
A4JU6ZFL8C1VG:31T4R4OBOSG86LOB8LWKJXE7JVEC73,initialized,0,,1464328271136
A4JU6ZFL8C1VG:31T4R4OBOSG86LOB8LWKJXE7JVEC73,window_resize,0,"[1280, 671]",1464328271136
A4YG74WC1EK5V:3JAOYWH7VI45N86A0VN30CV08S69LE,initialized,0,,1464246653852
A4YG74WC1EK5V:3JAOYWH7VI45N86A0VN30CV08S69LE,window_resize,0,"[1582, 777]",1464246653852
A4YG74WC1EK5V:3JAOYWH7VI45N86A0VN30CV08S69LE,focus,286,on,1464246654138
A4YG74WC1EK5V:3JAOYWH7VI45N86A0VN30CV08S69LE,focus,62932,off,1464246717070
A4YG74WC1EK5V:3JAOYWH7VI45N86A0VN30CV08S69LE,focus,30707,on,1464246747777
A4YG74WC1EK5V:3JAOYWH7VI45N86A0VN30CV08S69LE,focus,86317,off,1464246834094
A4YG74WC1EK5V:3JAOYWH7VI45N86A0VN30CV08S69LE,focus,12218,on,1464246846312
A4YG74WC1EK5V:3JAOYWH7VI45N86A0VN30CV08S69LE,focus,50907,off,1464246897219
A4YG74WC1EK5V:3JAOYWH7VI45N86A0VN30CV08S69LE,focus,5772,on,1464246902991
A71WS46EWRAAM:38F71OA9GTWYU0F83TOAALW0BVQFMD,initialized,0,,1464246484788
A71WS46EWRAAM:38F71OA9GTWYU0F83TOAALW0BVQFMD,window_resize,1,"[1362, 714]",1464246484789
A71WS46EWRAAM:38F71OA9GTWYU0F83TOAALW0BVQFMD,focus,350791,off,1464246835580
A71WS46EWRAAM:38F71OA9GTWYU0F83TOAALW0BVQFMD,focus,11755,on,1464246847335
A7KLTVEIASF4J:3TGOYF991XM6QQH77KAVNVEXY48UUJ,initialized,0,,1464246321420
A7KLTVEIASF4J:3TGOYF991XM6QQH77KAVNVEXY48UUJ,window_resize,1,"[1366, 726]",1464246321421
A881SWQIV7WRZ:3L4D84MILZSS7O0TVMZIXEGWNIJHJO,initialized,0,,1464328524801
A881SWQIV7WRZ:3L4D84MILZSS7O0TVMZIXEGWNIJHJO,window_resize,0,"[1366, 723]",1464328524801
A881SWQIV7WRZ:3L4D84MILZSS7O0TVMZIXEGWNIJHJO,window_resize,83908,"[1366, 679]",1464328608709
A881SWQIV7WRZ:3L4D84MILZSS7O0TVMZIXEGWNIJHJO,window_resize,1240,"[1366, 723]",1464328609949
A881SWQIV7WRZ:3L4D84MILZSS7O0TVMZIXEGWNIJHJO,focus,33263,off,1464328643212
A881SWQIV7WRZ:3L4D84MILZSS7O0TVMZIXEGWNIJHJO,focus,43523,on,1464328686735
A881SWQIV7WRZ:3L4D84MILZSS7O0TVMZIXEGWNIJHJO,focus,31935,off,1464328718670
A881SWQIV7WRZ:3L4D84MILZSS7O0TVMZIXEGWNIJHJO,focus,20562,on,1464328739232
A881SWQIV7WRZ:3L4D84MILZSS7O0TVMZIXEGWNIJHJO,focus,154406,off,1464328893638
A881SWQIV7WRZ:3L4D84MILZSS7O0TVMZIXEGWNIJHJO,focus,19402,on,1464328913040
A881SWQIV7WRZ:3L4D84MILZSS7O0TVMZIXEGWNIJHJO,focus,15585,off,1464328928625
A881SWQIV7WRZ:3L4D84MILZSS7O0TVMZIXEGWNIJHJO,focus,41248,on,1464328969873
A881SWQIV7WRZ:3L4D84MILZSS7O0TVMZIXEGWNIJHJO,focus,63076,off,1464329032949
A881SWQIV7WRZ:3L4D84MILZSS7O0TVMZIXEGWNIJHJO,focus,19681,on,1464329052630
A881SWQIV7WRZ:3L4D84MILZSS7O0TVMZIXEGWNIJHJO,focus,34128,off,1464329086758
A881SWQIV7WRZ:3L4D84MILZSS7O0TVMZIXEGWNIJHJO,focus,35141,on,1464329121899
A881SWQIV7WRZ:3L4D84MILZSS7O0TVMZIXEGWNIJHJO,focus,28627,off,1464329150526
A881SWQIV7WRZ:3L4D84MILZSS7O0TVMZIXEGWNIJHJO,focus,13640,on,1464329164166
A881SWQIV7WRZ:3L4D84MILZSS7O0TVMZIXEGWNIJHJO,focus,6482,off,1464329170648
A881SWQIV7WRZ:3L4D84MILZSS7O0TVMZIXEGWNIJHJO,focus,17647,on,1464329188295
A881SWQIV7WRZ:3L4D84MILZSS7O0TVMZIXEGWNIJHJO,focus,24351,off,1464329212646
A881SWQIV7WRZ:3L4D84MILZSS7O0TVMZIXEGWNIJHJO,focus,42104,on,1464329254750
A881SWQIV7WRZ:3L4D84MILZSS7O0TVMZIXEGWNIJHJO,focus,78175,off,1464329332925
A881SWQIV7WRZ:3L4D84MILZSS7O0TVMZIXEGWNIJHJO,focus,22892,on,1464329355817
A881SWQIV7WRZ:3L4D84MILZSS7O0TVMZIXEGWNIJHJO,focus,18381,off,1464329374198
A881SWQIV7WRZ:3L4D84MILZSS7O0TVMZIXEGWNIJHJO,focus,77502,on,1464329451700
A881SWQIV7WRZ:3L4D84MILZSS7O0TVMZIXEGWNIJHJO,focus,6299,off,1464329457999
A881SWQIV7WRZ:3L4D84MILZSS7O0TVMZIXEGWNIJHJO,focus,71897,on,1464329529896
A881SWQIV7WRZ:3L4D84MILZSS7O0TVMZIXEGWNIJHJO,focus,19895,off,1464329549791
A881SWQIV7WRZ:3L4D84MILZSS7O0TVMZIXEGWNIJHJO,focus,22532,on,1464329572323
A881SWQIV7WRZ:3L4D84MILZSS7O0TVMZIXEGWNIJHJO,focus,6794,off,1464329579117
A881SWQIV7WRZ:3L4D84MILZSS7O0TVMZIXEGWNIJHJO,focus,39811,on,1464329618928
A881SWQIV7WRZ:3L4D84MILZSS7O0TVMZIXEGWNIJHJO,focus,11508,off,1464329630436
A881SWQIV7WRZ:3L4D84MILZSS7O0TVMZIXEGWNIJHJO,focus,89718,on,1464329720154
A881SWQIV7WRZ:3L4D84MILZSS7O0TVMZIXEGWNIJHJO,focus,3981,off,1464329724135
A881SWQIV7WRZ:3L4D84MILZSS7O0TVMZIXEGWNIJHJO,focus,75982,on,1464329800117
A881SWQIV7WRZ:3L4D84MILZSS7O0TVMZIXEGWNIJHJO,focus,3193,off,1464329803310
A881SWQIV7WRZ:3L4D84MILZSS7O0TVMZIXEGWNIJHJO,focus,40796,on,1464329844106
A881SWQIV7WRZ:3L4D84MILZSS7O0TVMZIXEGWNIJHJO,focus,9708,off,1464329853814
A881SWQIV7WRZ:3L4D84MILZSS7O0TVMZIXEGWNIJHJO,focus,40540,on,1464329894354
A881SWQIV7WRZ:3L4D84MILZSS7O0TVMZIXEGWNIJHJO,focus,9828,off,1464329904182
A881SWQIV7WRZ:3L4D84MILZSS7O0TVMZIXEGWNIJHJO,focus,21535,on,1464329925717
A881SWQIV7WRZ:3L4D84MILZSS7O0TVMZIXEGWNIJHJO,focus,12816,off,1464329938533
A881SWQIV7WRZ:3L4D84MILZSS7O0TVMZIXEGWNIJHJO,focus,17085,on,1464329955618
A881SWQIV7WRZ:3L4D84MILZSS7O0TVMZIXEGWNIJHJO,focus,74727,off,1464330030345
A881SWQIV7WRZ:3L4D84MILZSS7O0TVMZIXEGWNIJHJO,focus,36235,on,1464330066580
A881SWQIV7WRZ:3L4D84MILZSS7O0TVMZIXEGWNIJHJO,focus,15482,off,1464330082062
A881SWQIV7WRZ:3L4D84MILZSS7O0TVMZIXEGWNIJHJO,focus,29907,on,1464330111969
A881SWQIV7WRZ:3L4D84MILZSS7O0TVMZIXEGWNIJHJO,focus,9542,off,1464330121511
A881SWQIV7WRZ:3L4D84MILZSS7O0TVMZIXEGWNIJHJO,focus,28690,on,1464330150201
A881SWQIV7WRZ:3L4D84MILZSS7O0TVMZIXEGWNIJHJO,focus,10305,off,1464330160506
A881SWQIV7WRZ:3L4D84MILZSS7O0TVMZIXEGWNIJHJO,focus,23230,on,1464330183736
A881SWQIV7WRZ:3L4D84MILZSS7O0TVMZIXEGWNIJHJO,focus,9904,off,1464330193640
A881SWQIV7WRZ:3L4D84MILZSS7O0TVMZIXEGWNIJHJO,focus,14685,on,1464330208325
A881SWQIV7WRZ:3L4D84MILZSS7O0TVMZIXEGWNIJHJO,focus,5016,off,1464330213341
A881SWQIV7WRZ:3L4D84MILZSS7O0TVMZIXEGWNIJHJO,focus,30401,on,1464330243742
A881SWQIV7WRZ:3L4D84MILZSS7O0TVMZIXEGWNIJHJO,focus,93620,off,1464330337362
A881SWQIV7WRZ:3L4D84MILZSS7O0TVMZIXEGWNIJHJO,focus,15792,on,1464330353154
A881SWQIV7WRZ:3L4D84MILZSS7O0TVMZIXEGWNIJHJO,focus,14253,off,1464330367407
A881SWQIV7WRZ:3L4D84MILZSS7O0TVMZIXEGWNIJHJO,focus,16545,on,1464330383952
A881SWQIV7WRZ:3L4D84MILZSS7O0TVMZIXEGWNIJHJO,focus,14094,off,1464330398046
A881SWQIV7WRZ:3L4D84MILZSS7O0TVMZIXEGWNIJHJO,focus,22059,on,1464330420105
A881SWQIV7WRZ:3L4D84MILZSS7O0TVMZIXEGWNIJHJO,focus,5277,off,1464330425382
A881SWQIV7WRZ:3L4D84MILZSS7O0TVMZIXEGWNIJHJO,focus,3844,on,1464330429226
A881SWQIV7WRZ:3L4D84MILZSS7O0TVMZIXEGWNIJHJO,focus,9013,off,1464330438239
A881SWQIV7WRZ:3L4D84MILZSS7O0TVMZIXEGWNIJHJO,focus,10687,on,1464330448926
A881SWQIV7WRZ:3L4D84MILZSS7O0TVMZIXEGWNIJHJO,focus,4278,off,1464330453204
A881SWQIV7WRZ:3L4D84MILZSS7O0TVMZIXEGWNIJHJO,focus,14322,on,1464330467526
A881SWQIV7WRZ:3L4D84MILZSS7O0TVMZIXEGWNIJHJO,focus,16343,off,1464330483869
A881SWQIV7WRZ:3L4D84MILZSS7O0TVMZIXEGWNIJHJO,focus,7171,on,1464330491040
A881SWQIV7WRZ:3L4D84MILZSS7O0TVMZIXEGWNIJHJO,focus,6894,off,1464330497934
A881SWQIV7WRZ:3L4D84MILZSS7O0TVMZIXEGWNIJHJO,focus,9532,on,1464330507466
A881SWQIV7WRZ:3L4D84MILZSS7O0TVMZIXEGWNIJHJO,focus,10492,off,1464330517958
A881SWQIV7WRZ:3L4D84MILZSS7O0TVMZIXEGWNIJHJO,focus,24307,on,1464330542265
A881SWQIV7WRZ:3L4D84MILZSS7O0TVMZIXEGWNIJHJO,focus,14245,off,1464330556510
A881SWQIV7WRZ:3L4D84MILZSS7O0TVMZIXEGWNIJHJO,focus,16029,on,1464330572539
A881SWQIV7WRZ:3L4D84MILZSS7O0TVMZIXEGWNIJHJO,focus,10985,off,1464330583524
A881SWQIV7WRZ:3L4D84MILZSS7O0TVMZIXEGWNIJHJO,focus,5041,on,1464330588565
A881SWQIV7WRZ:3L4D84MILZSS7O0TVMZIXEGWNIJHJO,focus,2993,off,1464330591558
A881SWQIV7WRZ:3L4D84MILZSS7O0TVMZIXEGWNIJHJO,focus,34850,on,1464330626408
A881SWQIV7WRZ:3L4D84MILZSS7O0TVMZIXEGWNIJHJO,focus,22828,off,1464330649236
A881SWQIV7WRZ:3L4D84MILZSS7O0TVMZIXEGWNIJHJO,focus,26814,on,1464330676050
A881SWQIV7WRZ:3L4D84MILZSS7O0TVMZIXEGWNIJHJO,focus,16751,off,1464330692801
A881SWQIV7WRZ:3L4D84MILZSS7O0TVMZIXEGWNIJHJO,focus,9556,on,1464330702357
A881SWQIV7WRZ:3L4D84MILZSS7O0TVMZIXEGWNIJHJO,focus,15147,off,1464330717504
A881SWQIV7WRZ:3L4D84MILZSS7O0TVMZIXEGWNIJHJO,focus,20679,on,1464330738183
A881SWQIV7WRZ:3L4D84MILZSS7O0TVMZIXEGWNIJHJO,focus,13129,off,1464330751312
A881SWQIV7WRZ:3L4D84MILZSS7O0TVMZIXEGWNIJHJO,focus,4435,on,1464330755747
A881SWQIV7WRZ:3L4D84MILZSS7O0TVMZIXEGWNIJHJO,focus,11491,off,1464330767238
A881SWQIV7WRZ:3L4D84MILZSS7O0TVMZIXEGWNIJHJO,focus,19143,on,1464330786381
A881SWQIV7WRZ:3L4D84MILZSS7O0TVMZIXEGWNIJHJO,focus,17955,off,1464330804336
A881SWQIV7WRZ:3L4D84MILZSS7O0TVMZIXEGWNIJHJO,focus,24602,on,1464330828938
A94DL4GI8ZBUO:32XVDSJFPZXET63WFY93Q22B2RM2MH,initialized,0,,1464244512113
A94DL4GI8ZBUO:32XVDSJFPZXET63WFY93Q22B2RM2MH,window_resize,0,"[1596, 846]",1464244512113
A94DL4GI8ZBUO:32XVDSJFPZXET63WFY93Q22B2RM2MH,focus,45416,off,1464244557529
A94DL4GI8ZBUO:32XVDSJFPZXET63WFY93Q22B2RM2MH,focus,17083,on,1464244574612
A94DL4GI8ZBUO:32XVDSJFPZXET63WFY93Q22B2RM2MH,focus,142791,off,1464244717403
A94DL4GI8ZBUO:32XVDSJFPZXET63WFY93Q22B2RM2MH,focus,8786,on,1464244726189
A94DL4GI8ZBUO:32XVDSJFPZXET63WFY93Q22B2RM2MH,focus,76986,off,1464244803175
A94DL4GI8ZBUO:32XVDSJFPZXET63WFY93Q22B2RM2MH,focus,2564,on,1464244805739
AEF94JKX6FG92:3JJVG1YBEBXA9CIM6SLSATUTA4K5BB,initialized,0,,1464328260880
AEF94JKX6FG92:3JJVG1YBEBXA9CIM6SLSATUTA4K5BB,window_resize,1,"[1238, 650]",1464328260881
AEF94JKX6FG92:3JJVG1YBEBXA9CIM6SLSATUTA4K5BB,focus,74623,off,1464328335504
AEF94JKX6FG92:3JJVG1YBEBXA9CIM6SLSATUTA4K5BB,focus,5546,on,1464328341050
AF18OIZ0GWGP2:36V4Q8R5ZK0VLP5HH9Z4MK0EIZAMQT,initialized,0,,1464328197763
AF18OIZ0GWGP2:36V4Q8R5ZK0VLP5HH9Z4MK0EIZAMQT,window_resize,1,"[1163, 665]",1464328197764
AF18OIZ0GWGP2:36V4Q8R5ZK0VLP5HH9Z4MK0EIZAMQT,focus,2851,on,1464328200615
AF18OIZ0GWGP2:36V4Q8R5ZK0VLP5HH9Z4MK0EIZAMQT,window_resize,185721,"[1165, 665]",1464328386336
AGDFBU9CK6Z9R:3YDTZAI2WXGR0VWUQQ9TZPB6OWX14I,initialized,0,,1464328832547
AGDFBU9CK6Z9R:3YDTZAI2WXGR0VWUQQ9TZPB6OWX14I,window_resize,0,"[1920, 1035]",1464328832547
AGDFBU9CK6Z9R:3YDTZAI2WXGR0VWUQQ9TZPB6OWX14I,focus,6732,off,1464328839279
AGDFBU9CK6Z9R:3YDTZAI2WXGR0VWUQQ9TZPB6OWX14I,focus,19234,on,1464328858513
AGDFBU9CK6Z9R:3YDTZAI2WXGR0VWUQQ9TZPB6OWX14I,focus,29470,off,1464328887983
AGDFBU9CK6Z9R:3YDTZAI2WXGR0VWUQQ9TZPB6OWX14I,focus,18192,on,1464328906175
AGDFBU9CK6Z9R:3YDTZAI2WXGR0VWUQQ9TZPB6OWX14I,focus,211507,off,1464329117682
AGDFBU9CK6Z9R:3YDTZAI2WXGR0VWUQQ9TZPB6OWX14I,focus,15231,on,1464329132913
AGDFBU9CK6Z9R:3YDTZAI2WXGR0VWUQQ9TZPB6OWX14I,focus,115493,off,1464329248406
AGDFBU9CK6Z9R:3YDTZAI2WXGR0VWUQQ9TZPB6OWX14I,focus,5410,on,1464329253816
AGWUDRQW129X7:3TGOYF991XM6QQH77KAVNVEXY6JUUY,initialized,0,,1464328192244
AGWUDRQW129X7:3TGOYF991XM6QQH77KAVNVEXY6JUUY,window_resize,0,"[1440, 822]",1464328192244
AIXZ8O3BCM7HA:32VNZTT0A74FT0VBOKO85GTJSUR4RH,initialized,0,,1464328376907
AIXZ8O3BCM7HA:32VNZTT0A74FT0VBOKO85GTJSUR4RH,window_resize,0,"[1366, 643]",1464328376907
AIXZ8O3BCM7HA:32VNZTT0A74FT0VBOKO85GTJSUR4RH,focus,28728,off,1464328405635
AIXZ8O3BCM7HA:32VNZTT0A74FT0VBOKO85GTJSUR4RH,focus,8788,on,1464328414423
AIXZ8O3BCM7HA:32VNZTT0A74FT0VBOKO85GTJSUR4RH,focus,19540,off,1464328433963
AIXZ8O3BCM7HA:32VNZTT0A74FT0VBOKO85GTJSUR4RH,focus,2927,on,1464328436890
AIXZ8O3BCM7HA:32VNZTT0A74FT0VBOKO85GTJSUR4RH,focus,73189,off,1464328510079
AIXZ8O3BCM7HA:32VNZTT0A74FT0VBOKO85GTJSUR4RH,focus,3245,on,1464328513324
AIXZ8O3BCM7HA:32VNZTT0A74FT0VBOKO85GTJSUR4RH,focus,3494,off,1464328516818
AIXZ8O3BCM7HA:32VNZTT0A74FT0VBOKO85GTJSUR4RH,focus,14828,on,1464328531646
AIXZ8O3BCM7HA:32VNZTT0A74FT0VBOKO85GTJSUR4RH,focus,1740,off,1464328533386
AIXZ8O3BCM7HA:32VNZTT0A74FT0VBOKO85GTJSUR4RH,focus,4787,on,1464328538173
AIXZ8O3BCM7HA:32VNZTT0A74FT0VBOKO85GTJSUR4RH,focus,1373,off,1464328539546
AIXZ8O3BCM7HA:32VNZTT0A74FT0VBOKO85GTJSUR4RH,focus,19612,on,1464328559158
AIXZ8O3BCM7HA:32VNZTT0A74FT0VBOKO85GTJSUR4RH,focus,10484,off,1464328569642
AIXZ8O3BCM7HA:32VNZTT0A74FT0VBOKO85GTJSUR4RH,focus,22507,on,1464328592149
AIXZ8O3BCM7HA:32VNZTT0A74FT0VBOKO85GTJSUR4RH,focus,6047,off,1464328598196
AIXZ8O3BCM7HA:32VNZTT0A74FT0VBOKO85GTJSUR4RH,focus,14636,on,1464328612832
AIXZ8O3BCM7HA:32VNZTT0A74FT0VBOKO85GTJSUR4RH,focus,2228,off,1464328615060
AIXZ8O3BCM7HA:32VNZTT0A74FT0VBOKO85GTJSUR4RH,focus,7402,on,1464328622462
AIXZ8O3BCM7HA:32VNZTT0A74FT0VBOKO85GTJSUR4RH,focus,1749,off,1464328624211
AIXZ8O3BCM7HA:32VNZTT0A74FT0VBOKO85GTJSUR4RH,focus,20955,on,1464328645166
AIXZ8O3BCM7HA:32VNZTT0A74FT0VBOKO85GTJSUR4RH,focus,3334,off,1464328648500
AIXZ8O3BCM7HA:32VNZTT0A74FT0VBOKO85GTJSUR4RH,focus,61818,on,1464328710318
AIXZ8O3BCM7HA:32VNZTT0A74FT0VBOKO85GTJSUR4RH,window_resize,199,"[1366, 599]",1464328710517
AIXZ8O3BCM7HA:32VNZTT0A74FT0VBOKO85GTJSUR4RH,focus,9505,off,1464328720022
AIXZ8O3BCM7HA:32VNZTT0A74FT0VBOKO85GTJSUR4RH,focus,14008,on,1464328734030
AIXZ8O3BCM7HA:32VNZTT0A74FT0VBOKO85GTJSUR4RH,focus,3797,off,1464328737827
AIXZ8O3BCM7HA:32VNZTT0A74FT0VBOKO85GTJSUR4RH,focus,4156,on,1464328741983
AIXZ8O3BCM7HA:32VNZTT0A74FT0VBOKO85GTJSUR4RH,focus,12114,off,1464328754097
AIXZ8O3BCM7HA:32VNZTT0A74FT0VBOKO85GTJSUR4RH,focus,12119,on,1464328766216
AIXZ8O3BCM7HA:32VNZTT0A74FT0VBOKO85GTJSUR4RH,focus,26015,off,1464328792231
AIXZ8O3BCM7HA:32VNZTT0A74FT0VBOKO85GTJSUR4RH,focus,15900,on,1464328808131
AIXZ8O3BCM7HA:32VNZTT0A74FT0VBOKO85GTJSUR4RH,focus,4320,off,1464328812451
AIXZ8O3BCM7HA:32VNZTT0A74FT0VBOKO85GTJSUR4RH,focus,14098,on,1464328826549
AIXZ8O3BCM7HA:32VNZTT0A74FT0VBOKO85GTJSUR4RH,focus,6534,off,1464328833083
AIXZ8O3BCM7HA:32VNZTT0A74FT0VBOKO85GTJSUR4RH,focus,9636,on,1464328842719
AIXZ8O3BCM7HA:32VNZTT0A74FT0VBOKO85GTJSUR4RH,focus,51324,off,1464328894043
AIXZ8O3BCM7HA:32VNZTT0A74FT0VBOKO85GTJSUR4RH,focus,14747,on,1464328908790
AIXZ8O3BCM7HA:32VNZTT0A74FT0VBOKO85GTJSUR4RH,focus,638,off,1464328909428
AIXZ8O3BCM7HA:32VNZTT0A74FT0VBOKO85GTJSUR4RH,focus,4089,on,1464328913517
AIXZ8O3BCM7HA:32VNZTT0A74FT0VBOKO85GTJSUR4RH,focus,7016,off,1464328920533
AIXZ8O3BCM7HA:32VNZTT0A74FT0VBOKO85GTJSUR4RH,focus,5130,on,1464328925663
AIXZ8O3BCM7HA:32VNZTT0A74FT0VBOKO85GTJSUR4RH,focus,1085,off,1464328926748
AIXZ8O3BCM7HA:32VNZTT0A74FT0VBOKO85GTJSUR4RH,focus,659,on,1464328927407
AIXZ8O3BCM7HA:32VNZTT0A74FT0VBOKO85GTJSUR4RH,focus,3220,off,1464328930627
AIXZ8O3BCM7HA:32VNZTT0A74FT0VBOKO85GTJSUR4RH,focus,15539,on,1464328946166
AIXZ8O3BCM7HA:32VNZTT0A74FT0VBOKO85GTJSUR4RH,focus,3845,off,1464328950011
AIXZ8O3BCM7HA:32VNZTT0A74FT0VBOKO85GTJSUR4RH,focus,33388,on,1464328983399
AIXZ8O3BCM7HA:32VNZTT0A74FT0VBOKO85GTJSUR4RH,focus,7308,off,1464328990707
AIXZ8O3BCM7HA:32VNZTT0A74FT0VBOKO85GTJSUR4RH,focus,2026,on,1464328992733
AIXZ8O3BCM7HA:32VNZTT0A74FT0VBOKO85GTJSUR4RH,focus,6751,off,1464328999484
AIXZ8O3BCM7HA:32VNZTT0A74FT0VBOKO85GTJSUR4RH,focus,33274,on,1464329032758
AIXZ8O3BCM7HA:32VNZTT0A74FT0VBOKO85GTJSUR4RH,focus,1054,off,1464329033812
AIXZ8O3BCM7HA:32VNZTT0A74FT0VBOKO85GTJSUR4RH,focus,10697,on,1464329044509
AIXZ8O3BCM7HA:32VNZTT0A74FT0VBOKO85GTJSUR4RH,focus,2701,off,1464329047210
AIXZ8O3BCM7HA:32VNZTT0A74FT0VBOKO85GTJSUR4RH,focus,2219,on,1464329049429
AIXZ8O3BCM7HA:32VNZTT0A74FT0VBOKO85GTJSUR4RH,focus,2470,off,1464329051899
AIXZ8O3BCM7HA:32VNZTT0A74FT0VBOKO85GTJSUR4RH,focus,44715,on,1464329096614
AIXZ8O3BCM7HA:32VNZTT0A74FT0VBOKO85GTJSUR4RH,focus,9261,off,1464329105875
AIXZ8O3BCM7HA:32VNZTT0A74FT0VBOKO85GTJSUR4RH,focus,24539,on,1464329130414
AIXZ8O3BCM7HA:32VNZTT0A74FT0VBOKO85GTJSUR4RH,focus,5030,off,1464329135444
AIXZ8O3BCM7HA:32VNZTT0A74FT0VBOKO85GTJSUR4RH,focus,18113,on,1464329153557
AIXZ8O3BCM7HA:32VNZTT0A74FT0VBOKO85GTJSUR4RH,focus,2991,off,1464329156548
AIXZ8O3BCM7HA:32VNZTT0A74FT0VBOKO85GTJSUR4RH,focus,22321,on,1464329178869
AIXZ8O3BCM7HA:32VNZTT0A74FT0VBOKO85GTJSUR4RH,focus,1999,off,1464329180868
AIXZ8O3BCM7HA:32VNZTT0A74FT0VBOKO85GTJSUR4RH,focus,27316,on,1464329208184
AIXZ8O3BCM7HA:32VNZTT0A74FT0VBOKO85GTJSUR4RH,focus,3036,off,1464329211220
AIXZ8O3BCM7HA:32VNZTT0A74FT0VBOKO85GTJSUR4RH,focus,9931,on,1464329221151
AIXZ8O3BCM7HA:32VNZTT0A74FT0VBOKO85GTJSUR4RH,focus,10708,off,1464329231859
AIXZ8O3BCM7HA:32VNZTT0A74FT0VBOKO85GTJSUR4RH,focus,20612,on,1464329252471
AIXZ8O3BCM7HA:32VNZTT0A74FT0VBOKO85GTJSUR4RH,focus,892,off,1464329253363
AIXZ8O3BCM7HA:32VNZTT0A74FT0VBOKO85GTJSUR4RH,focus,4713,on,1464329258076
AIXZ8O3BCM7HA:32VNZTT0A74FT0VBOKO85GTJSUR4RH,focus,752,off,1464329258828
AIXZ8O3BCM7HA:32VNZTT0A74FT0VBOKO85GTJSUR4RH,focus,1794,on,1464329260622
AIXZ8O3BCM7HA:32VNZTT0A74FT0VBOKO85GTJSUR4RH,focus,10061,off,1464329270683
AIXZ8O3BCM7HA:32VNZTT0A74FT0VBOKO85GTJSUR4RH,focus,29114,on,1464329299797
AIXZ8O3BCM7HA:32VNZTT0A74FT0VBOKO85GTJSUR4RH,focus,11703,off,1464329311500
AIXZ8O3BCM7HA:32VNZTT0A74FT0VBOKO85GTJSUR4RH,focus,937,on,1464329312437
AIXZ8O3BCM7HA:32VNZTT0A74FT0VBOKO85GTJSUR4RH,focus,487,off,1464329312924
AIXZ8O3BCM7HA:32VNZTT0A74FT0VBOKO85GTJSUR4RH,focus,20283,on,1464329333207
AIXZ8O3BCM7HA:32VNZTT0A74FT0VBOKO85GTJSUR4RH,focus,20212,off,1464329353419
AIXZ8O3BCM7HA:32VNZTT0A74FT0VBOKO85GTJSUR4RH,focus,10676,on,1464329364095
AIXZ8O3BCM7HA:32VNZTT0A74FT0VBOKO85GTJSUR4RH,focus,2468,off,1464329366563
AIXZ8O3BCM7HA:32VNZTT0A74FT0VBOKO85GTJSUR4RH,focus,45936,on,1464329412499
AIXZ8O3BCM7HA:32VNZTT0A74FT0VBOKO85GTJSUR4RH,focus,13334,off,1464329425833
AIXZ8O3BCM7HA:32VNZTT0A74FT0VBOKO85GTJSUR4RH,focus,3302,on,1464329429135
AIXZ8O3BCM7HA:32VNZTT0A74FT0VBOKO85GTJSUR4RH,focus,23989,off,1464329453124
AIXZ8O3BCM7HA:32VNZTT0A74FT0VBOKO85GTJSUR4RH,focus,15698,on,1464329468822
AIXZ8O3BCM7HA:32VNZTT0A74FT0VBOKO85GTJSUR4RH,focus,4445,off,1464329473267
AIXZ8O3BCM7HA:32VNZTT0A74FT0VBOKO85GTJSUR4RH,focus,25483,on,1464329498750
AIXZ8O3BCM7HA:32VNZTT0A74FT0VBOKO85GTJSUR4RH,focus,12076,off,1464329510826
AIXZ8O3BCM7HA:32VNZTT0A74FT0VBOKO85GTJSUR4RH,focus,102188,on,1464329613014
AIXZ8O3BCM7HA:32VNZTT0A74FT0VBOKO85GTJSUR4RH,focus,10101,off,1464329623115
AIXZ8O3BCM7HA:32VNZTT0A74FT0VBOKO85GTJSUR4RH,focus,12987,on,1464329636102
AIXZ8O3BCM7HA:32VNZTT0A74FT0VBOKO85GTJSUR4RH,focus,1366,off,1464329637468
AIXZ8O3BCM7HA:32VNZTT0A74FT0VBOKO85GTJSUR4RH,focus,14100,on,1464329651568
AIXZ8O3BCM7HA:32VNZTT0A74FT0VBOKO85GTJSUR4RH,focus,10860,off,1464329662428
AIXZ8O3BCM7HA:32VNZTT0A74FT0VBOKO85GTJSUR4RH,focus,98320,on,1464329760748
AIXZ8O3BCM7HA:32VNZTT0A74FT0VBOKO85GTJSUR4RH,focus,2311,off,1464329763059
AIXZ8O3BCM7HA:32VNZTT0A74FT0VBOKO85GTJSUR4RH,focus,1836,on,1464329764895
AIXZ8O3BCM7HA:32VNZTT0A74FT0VBOKO85GTJSUR4RH,focus,9421,off,1464329774316
AIXZ8O3BCM7HA:32VNZTT0A74FT0VBOKO85GTJSUR4RH,focus,11483,on,1464329785799
AIXZ8O3BCM7HA:32VNZTT0A74FT0VBOKO85GTJSUR4RH,focus,4149,off,1464329789948
AIXZ8O3BCM7HA:32VNZTT0A74FT0VBOKO85GTJSUR4RH,focus,22442,on,1464329812390
AIXZ8O3BCM7HA:32VNZTT0A74FT0VBOKO85GTJSUR4RH,focus,10406,off,1464329822796
AIXZ8O3BCM7HA:32VNZTT0A74FT0VBOKO85GTJSUR4RH,focus,64570,on,1464329887366
AIXZ8O3BCM7HA:32VNZTT0A74FT0VBOKO85GTJSUR4RH,focus,4278,off,1464329891644
AIXZ8O3BCM7HA:32VNZTT0A74FT0VBOKO85GTJSUR4RH,focus,27154,on,1464329918798
AIXZ8O3BCM7HA:32VNZTT0A74FT0VBOKO85GTJSUR4RH,focus,550,off,1464329919348
AIXZ8O3BCM7HA:32VNZTT0A74FT0VBOKO85GTJSUR4RH,focus,19049,on,1464329938397
AIXZ8O3BCM7HA:32VNZTT0A74FT0VBOKO85GTJSUR4RH,focus,2120,off,1464329940517
AIXZ8O3BCM7HA:32VNZTT0A74FT0VBOKO85GTJSUR4RH,focus,70802,on,1464330011319
AIXZ8O3BCM7HA:32VNZTT0A74FT0VBOKO85GTJSUR4RH,focus,28489,off,1464330039808
AIXZ8O3BCM7HA:32VNZTT0A74FT0VBOKO85GTJSUR4RH,focus,18182,on,1464330057990
AIXZ8O3BCM7HA:32VNZTT0A74FT0VBOKO85GTJSUR4RH,focus,1574,off,1464330059564
AIXZ8O3BCM7HA:32VNZTT0A74FT0VBOKO85GTJSUR4RH,focus,41074,on,1464330100638
AIXZ8O3BCM7HA:32VNZTT0A74FT0VBOKO85GTJSUR4RH,focus,21686,off,1464330122324
AIXZ8O3BCM7HA:32VNZTT0A74FT0VBOKO85GTJSUR4RH,focus,35214,on,1464330157538
AIXZ8O3BCM7HA:32VNZTT0A74FT0VBOKO85GTJSUR4RH,focus,5587,off,1464330163125
AIXZ8O3BCM7HA:32VNZTT0A74FT0VBOKO85GTJSUR4RH,focus,38545,on,1464330201670
AIXZ8O3BCM7HA:32VNZTT0A74FT0VBOKO85GTJSUR4RH,focus,9806,off,1464330211476
AIXZ8O3BCM7HA:32VNZTT0A74FT0VBOKO85GTJSUR4RH,focus,43877,on,1464330255353
AIXZ8O3BCM7HA:32VNZTT0A74FT0VBOKO85GTJSUR4RH,focus,1555,off,1464330256908
AIXZ8O3BCM7HA:32VNZTT0A74FT0VBOKO85GTJSUR4RH,focus,22677,on,1464330279585
AIXZ8O3BCM7HA:32VNZTT0A74FT0VBOKO85GTJSUR4RH,focus,4451,off,1464330284036
AIXZ8O3BCM7HA:32VNZTT0A74FT0VBOKO85GTJSUR4RH,focus,7453,on,1464330291489
AIXZ8O3BCM7HA:32VNZTT0A74FT0VBOKO85GTJSUR4RH,focus,1043,off,1464330292532
AIXZ8O3BCM7HA:32VNZTT0A74FT0VBOKO85GTJSUR4RH,focus,1162,on,1464330293694
AIXZ8O3BCM7HA:32VNZTT0A74FT0VBOKO85GTJSUR4RH,focus,1694,off,1464330295388
AIXZ8O3BCM7HA:32VNZTT0A74FT0VBOKO85GTJSUR4RH,focus,35881,on,1464330331269
AIXZ8O3BCM7HA:32VNZTT0A74FT0VBOKO85GTJSUR4RH,focus,8022,off,1464330339291
AIXZ8O3BCM7HA:32VNZTT0A74FT0VBOKO85GTJSUR4RH,focus,33187,on,1464330372478
AIXZ8O3BCM7HA:32VNZTT0A74FT0VBOKO85GTJSUR4RH,focus,10096,off,1464330382574
AIXZ8O3BCM7HA:32VNZTT0A74FT0VBOKO85GTJSUR4RH,focus,32074,on,1464330414648
AIXZ8O3BCM7HA:32VNZTT0A74FT0VBOKO85GTJSUR4RH,focus,23285,off,1464330437933
AIXZ8O3BCM7HA:32VNZTT0A74FT0VBOKO85GTJSUR4RH,focus,78052,on,1464330515985
AIXZ8O3BCM7HA:32VNZTT0A74FT0VBOKO85GTJSUR4RH,focus,1781,off,1464330517766
AIXZ8O3BCM7HA:32VNZTT0A74FT0VBOKO85GTJSUR4RH,focus,2817,on,1464330520583
AIXZ8O3BCM7HA:32VNZTT0A74FT0VBOKO85GTJSUR4RH,focus,8906,off,1464330529489
AIXZ8O3BCM7HA:32VNZTT0A74FT0VBOKO85GTJSUR4RH,focus,59375,on,1464330588864
AIXZ8O3BCM7HA:32VNZTT0A74FT0VBOKO85GTJSUR4RH,focus,8012,off,1464330596876
AIXZ8O3BCM7HA:32VNZTT0A74FT0VBOKO85GTJSUR4RH,focus,7188,on,1464330604064
AIXZ8O3BCM7HA:32VNZTT0A74FT0VBOKO85GTJSUR4RH,focus,2853,off,1464330606917
AIXZ8O3BCM7HA:32VNZTT0A74FT0VBOKO85GTJSUR4RH,focus,23859,on,1464330630776
AIXZ8O3BCM7HA:32VNZTT0A74FT0VBOKO85GTJSUR4RH,focus,12425,off,1464330643201
AIXZ8O3BCM7HA:32VNZTT0A74FT0VBOKO85GTJSUR4RH,focus,7935,on,1464330651136
AIXZ8O3BCM7HA:32VNZTT0A74FT0VBOKO85GTJSUR4RH,focus,741,off,1464330651877
AIXZ8O3BCM7HA:32VNZTT0A74FT0VBOKO85GTJSUR4RH,focus,2660,on,1464330654537
AIXZ8O3BCM7HA:32VNZTT0A74FT0VBOKO85GTJSUR4RH,focus,403,off,1464330654940
AIXZ8O3BCM7HA:32VNZTT0A74FT0VBOKO85GTJSUR4RH,focus,3707,on,1464330658647
AIXZ8O3BCM7HA:32VNZTT0A74FT0VBOKO85GTJSUR4RH,focus,22038,off,1464330680685
AIXZ8O3BCM7HA:32VNZTT0A74FT0VBOKO85GTJSUR4RH,focus,421,on,1464330681106
AIXZ8O3BCM7HA:32VNZTT0A74FT0VBOKO85GTJSUR4RH,focus,2155,off,1464330683261
AIXZ8O3BCM7HA:32VNZTT0A74FT0VBOKO85GTJSUR4RH,focus,625,on,1464330683886
AIXZ8O3BCM7HA:32VNZTT0A74FT0VBOKO85GTJSUR4RH,focus,6294,off,1464330690180
AIXZ8O3BCM7HA:32VNZTT0A74FT0VBOKO85GTJSUR4RH,focus,21251,on,1464330711431
AIXZ8O3BCM7HA:32VNZTT0A74FT0VBOKO85GTJSUR4RH,focus,24496,off,1464330735927
AIXZ8O3BCM7HA:32VNZTT0A74FT0VBOKO85GTJSUR4RH,focus,38383,on,1464330774310
AIXZ8O3BCM7HA:32VNZTT0A74FT0VBOKO85GTJSUR4RH,focus,17358,off,1464330791668
AIXZ8O3BCM7HA:32VNZTT0A74FT0VBOKO85GTJSUR4RH,focus,17798,on,1464330809466
AIXZ8O3BCM7HA:32VNZTT0A74FT0VBOKO85GTJSUR4RH,focus,1050,off,1464330810516
AIXZ8O3BCM7HA:32VNZTT0A74FT0VBOKO85GTJSUR4RH,focus,1827,on,1464330812343
AIXZ8O3BCM7HA:32VNZTT0A74FT0VBOKO85GTJSUR4RH,focus,525,off,1464330812868
AIXZ8O3BCM7HA:32VNZTT0A74FT0VBOKO85GTJSUR4RH,focus,1373,on,1464330814241
AIXZ8O3BCM7HA:32VNZTT0A74FT0VBOKO85GTJSUR4RH,focus,3464,off,1464330817705
AIXZ8O3BCM7HA:32VNZTT0A74FT0VBOKO85GTJSUR4RH,focus,15695,on,1464330833400
AIXZ8O3BCM7HA:32VNZTT0A74FT0VBOKO85GTJSUR4RH,focus,19198,off,1464330852598
AIXZ8O3BCM7HA:32VNZTT0A74FT0VBOKO85GTJSUR4RH,focus,22939,on,1464330875537
AIXZ8O3BCM7HA:32VNZTT0A74FT0VBOKO85GTJSUR4RH,focus,9924,off,1464330885461
AIXZ8O3BCM7HA:32VNZTT0A74FT0VBOKO85GTJSUR4RH,focus,19194,on,1464330904655
AIXZ8O3BCM7HA:32VNZTT0A74FT0VBOKO85GTJSUR4RH,focus,57680,off,1464330962335
AIXZ8O3BCM7HA:32VNZTT0A74FT0VBOKO85GTJSUR4RH,focus,16081,on,1464330978416
AIXZ8O3BCM7HA:32VNZTT0A74FT0VBOKO85GTJSUR4RH,focus,13793,off,1464330992209
AIXZ8O3BCM7HA:32VNZTT0A74FT0VBOKO85GTJSUR4RH,focus,22864,on,1464331015073
AIXZ8O3BCM7HA:32VNZTT0A74FT0VBOKO85GTJSUR4RH,focus,40124,off,1464331055197
AIXZ8O3BCM7HA:32VNZTT0A74FT0VBOKO85GTJSUR4RH,focus,5482,on,1464331060679
AIXZ8O3BCM7HA:32VNZTT0A74FT0VBOKO85GTJSUR4RH,focus,1206,off,1464331061885
AIXZ8O3BCM7HA:32VNZTT0A74FT0VBOKO85GTJSUR4RH,focus,8852,on,1464331070737
AK150017OCFM9:37Q970SNZE8A2GY5GR5BXSRC2C0S1G,initialized,0,,1464328259712
AK150017OCFM9:37Q970SNZE8A2GY5GR5BXSRC2C0S1G,window_resize,0,"[1384, 977]",1464328259712
AK150017OCFM9:37Q970SNZE8A2GY5GR5BXSRC2C0S1G,focus,5216,on,1464328264928
AK150017OCFM9:37Q970SNZE8A2GY5GR5BXSRC2C0S1G,focus,277430,off,1464328542358
AK150017OCFM9:37Q970SNZE8A2GY5GR5BXSRC2C0S1G,focus,11965,on,1464328554323
AK150017OCFM9:37Q970SNZE8A2GY5GR5BXSRC2C0S1G,focus,8358,off,1464328562681
AK150017OCFM9:37Q970SNZE8A2GY5GR5BXSRC2C0S1G,focus,6915,on,1464328569596
AK150017OCFM9:37Q970SNZE8A2GY5GR5BXSRC2C0S1G,focus,39374,off,1464328608970
AK150017OCFM9:37Q970SNZE8A2GY5GR5BXSRC2C0S1G,focus,37040,on,1464328646010
AK150017OCFM9:37Q970SNZE8A2GY5GR5BXSRC2C0S1G,focus,136696,off,1464328782706
AK150017OCFM9:37Q970SNZE8A2GY5GR5BXSRC2C0S1G,focus,32627,on,1464328815333
AK150017OCFM9:37Q970SNZE8A2GY5GR5BXSRC2C0S1G,focus,18033,off,1464328833366
AK150017OCFM9:37Q970SNZE8A2GY5GR5BXSRC2C0S1G,focus,9600,on,1464328842966
AKLV0WIZZ356X:3JBT3HLQF82AKK3LWLA9UH6DRM7ZPQ,initialized,0,,1462928537180
AKLV0WIZZ356X:3JBT3HLQF82AKK3LWLA9UH6DRM7ZPQ,window_resize,0,"[1916, 1147]",1462928537180
AKLV0WIZZ356X:3JBT3HLQF82AKK3LWLA9UH6DRM7ZPQ,focus,222628,off,1462928759808
AKLV0WIZZ356X:3JBT3HLQF82AKK3LWLA9UH6DRM7ZPQ,focus,8,on,1462928759816
AL5ERA3MBN2U3:30MVJZJNHMDZSIIAXABQKXI845B9JQ,initialized,0,,1464328312205
AL5ERA3MBN2U3:30MVJZJNHMDZSIIAXABQKXI845B9JQ,window_resize,0,"[1902, 975]",1464328312205
AL5ERA3MBN2U3:30MVJZJNHMDZSIIAXABQKXI845B9JQ,focus,438,on,1464328312643
AL5ERA3MBN2U3:30MVJZJNHMDZSIIAXABQKXI845B9JQ,focus,333403,off,1464328646046
AL5ERA3MBN2U3:30MVJZJNHMDZSIIAXABQKXI845B9JQ,focus,122452,on,1464328768498
AL5ERA3MBN2U3:30MVJZJNHMDZSIIAXABQKXI845B9JQ,focus,220654,off,1464328989152
AL5ERA3MBN2U3:30MVJZJNHMDZSIIAXABQKXI845B9JQ,focus,21089,on,1464329010241
AL5ERA3MBN2U3:30MVJZJNHMDZSIIAXABQKXI845B9JQ,focus,43402,off,1464329053643
AL5ERA3MBN2U3:30MVJZJNHMDZSIIAXABQKXI845B9JQ,focus,64446,on,1464329118089
AL5ERA3MBN2U3:30MVJZJNHMDZSIIAXABQKXI845B9JQ,focus,162944,off,1464329281033
AL5ERA3MBN2U3:30MVJZJNHMDZSIIAXABQKXI845B9JQ,focus,32968,on,1464329314001
AL5ERA3MBN2U3:30MVJZJNHMDZSIIAXABQKXI845B9JQ,focus,46443,off,1464329360444
AL5ERA3MBN2U3:30MVJZJNHMDZSIIAXABQKXI845B9JQ,focus,30845,on,1464329391289
AMDX0UNZS4A1G:3UXUOQ9OKEXKD6RDO70TD2OJJQI7AH,initialized,0,,1464246534163
AMDX0UNZS4A1G:3UXUOQ9OKEXKD6RDO70TD2OJJQI7AH,window_resize,0,"[1356, 665]",1464246534163
AMDX0UNZS4A1G:3UXUOQ9OKEXKD6RDO70TD2OJJQI7AH,focus,666,on,1464246534829
AMDX0UNZS4A1G:3UXUOQ9OKEXKD6RDO70TD2OJJQI7AH,window_resize,120656,"[1356, 665]",1464246655485
AMDX0UNZS4A1G:3UXUOQ9OKEXKD6RDO70TD2OJJQI7AH,window_resize,349208,"[1355, 665]",1464247004693
AMDX0UNZS4A1G:3UXUOQ9OKEXKD6RDO70TD2OJJQI7AH,window_resize,60239,"[1349, 665]",1464247064932
AMDX0UNZS4A1G:3UXUOQ9OKEXKD6RDO70TD2OJJQI7AH,window_resize,1943,"[1356, 665]",1464247066875
ANK8K5WTHJ61C:37C0GNLMHF3Z7DGKP7M3XPWT9IVD6Q,initialized,0,,1464246885881
ANK8K5WTHJ61C:37C0GNLMHF3Z7DGKP7M3XPWT9IVD6Q,window_resize,0,"[1280, 677]",1464246885881
ANK8K5WTHJ61C:37C0GNLMHF3Z7DGKP7M3XPWT9IVD6Q,focus,143861,off,1464247029742
ANK8K5WTHJ61C:37C0GNLMHF3Z7DGKP7M3XPWT9IVD6Q,focus,16126,on,1464247045868
ANK8K5WTHJ61C:37C0GNLMHF3Z7DGKP7M3XPWT9IVD6Q,focus,262882,off,1464247308750
ANK8K5WTHJ61C:37C0GNLMHF3Z7DGKP7M3XPWT9IVD6Q,focus,59565,on,1464247368315
AOHLJ70JAIZTB:3DZQRBDBSLF6CJCK3VJULL690WES38,initialized,0,,1464328264359
AOHLJ70JAIZTB:3DZQRBDBSLF6CJCK3VJULL690WES38,window_resize,1,"[1280, 649]",1464328264360
AOHLJ70JAIZTB:3DZQRBDBSLF6CJCK3VJULL690WES38,focus,8772,on,1464328273132
AOOUX0906K0HG:3OVR4I9USPJFHZGBB5Z80QJEW8P4QG,initialized,0,,1464328231991
AOOUX0906K0HG:3OVR4I9USPJFHZGBB5Z80QJEW8P4QG,window_resize,0,"[1920, 1005]",1464328231991
AOOUX0906K0HG:3OVR4I9USPJFHZGBB5Z80QJEW8P4QG,focus,85381,off,1464328317372
AOOUX0906K0HG:3OVR4I9USPJFHZGBB5Z80QJEW8P4QG,focus,8863,on,1464328326235
APJJ1HHD2GGFS:3NAPMVF0ZWFV83W9BS7E7K5L74172P,initialized,0,,1464328296961
APJJ1HHD2GGFS:3NAPMVF0ZWFV83W9BS7E7K5L74172P,window_resize,0,"[1362, 714]",1464328296961
AQ36OBO2GRA00:33FBRBDW6OZC6ZTUIQOQXXA2UFKC8Q,initialized,0,,1464329324083
AQ36OBO2GRA00:33FBRBDW6OZC6ZTUIQOQXXA2UFKC8Q,window_resize,1,"[1350, 660]",1464329324084
AQ36OBO2GRA00:33FBRBDW6OZC6ZTUIQOQXXA2UFKC8Q,focus,320,off,1464329324404
AQ36OBO2GRA00:33FBRBDW6OZC6ZTUIQOQXXA2UFKC8Q,focus,911,on,1464329325315
AQ36OBO2GRA00:33FBRBDW6OZC6ZTUIQOQXXA2UFKC8Q,focus,525,off,1464329325840
AQ36OBO2GRA00:33FBRBDW6OZC6ZTUIQOQXXA2UFKC8Q,focus,1361,on,1464329327201
AQ36OBO2GRA00:33FBRBDW6OZC6ZTUIQOQXXA2UFKC8Q,focus,6732,off,1464329333933
AQ36OBO2GRA00:33FBRBDW6OZC6ZTUIQOQXXA2UFKC8Q,focus,22602,on,1464329356535
AQ36OBO2GRA00:33FBRBDW6OZC6ZTUIQOQXXA2UFKC8Q,focus,75878,off,1464329432413
AQ36OBO2GRA00:33FBRBDW6OZC6ZTUIQOQXXA2UFKC8Q,focus,1007,on,1464329433420
AQ36OBO2GRA00:33FBRBDW6OZC6ZTUIQOQXXA2UFKC8Q,focus,1017,off,1464329434437
AQ36OBO2GRA00:33FBRBDW6OZC6ZTUIQOQXXA2UFKC8Q,focus,23936,on,1464329458373
AQ36OBO2GRA00:33FBRBDW6OZC6ZTUIQOQXXA2UFKC8Q,focus,1016,off,1464329459389
AQ36OBO2GRA00:33FBRBDW6OZC6ZTUIQOQXXA2UFKC8Q,focus,9088,on,1464329468477
AQ36OBO2GRA00:33FBRBDW6OZC6ZTUIQOQXXA2UFKC8Q,focus,11170,off,1464329479647
AQ36OBO2GRA00:33FBRBDW6OZC6ZTUIQOQXXA2UFKC8Q,focus,8866,on,1464329488513
ARR3UJTM2ZGK4:3JMSRU9HQIUPE99LMA5VFZUDQPYEVQ,initialized,0,,1464328314739
ARR3UJTM2ZGK4:3JMSRU9HQIUPE99LMA5VFZUDQPYEVQ,window_resize,0,"[1268, 962]",1464328314739
ARUVEO4WF4E7P:3MX2NQ3YC9UHMFLNBODAZQLLT77X5B,initialized,0,,1464328309483
ARUVEO4WF4E7P:3MX2NQ3YC9UHMFLNBODAZQLLT77X5B,window_resize,1,"[980, 1160]",1464328309484
ARUVEO4WF4E7P:3MX2NQ3YC9UHMFLNBODAZQLLT77X5B,window_resize,27559,"[980, 761]",1464328337043
ARUVEO4WF4E7P:3MX2NQ3YC9UHMFLNBODAZQLLT77X5B,window_resize,4776,"[980, 761]",1464328341819
ARUVEO4WF4E7P:3MX2NQ3YC9UHMFLNBODAZQLLT77X5B,window_resize,10864,"[980, 761]",1464328352683
ARUVEO4WF4E7P:3MX2NQ3YC9UHMFLNBODAZQLLT77X5B,window_resize,4322,"[980, 761]",1464328357005
ARUVEO4WF4E7P:3MX2NQ3YC9UHMFLNBODAZQLLT77X5B,window_resize,9101,"[980, 761]",1464328366106
ARUVEO4WF4E7P:3MX2NQ3YC9UHMFLNBODAZQLLT77X5B,window_resize,3323,"[980, 761]",1464328369429
ARUVEO4WF4E7P:3MX2NQ3YC9UHMFLNBODAZQLLT77X5B,window_resize,4820,"[980, 761]",1464328374249
ARUVEO4WF4E7P:3MX2NQ3YC9UHMFLNBODAZQLLT77X5B,window_resize,3772,"[980, 761]",1464328378021
ARUVEO4WF4E7P:3MX2NQ3YC9UHMFLNBODAZQLLT77X5B,window_resize,27818,"[980, 761]",1464328405839
ARUVEO4WF4E7P:3MX2NQ3YC9UHMFLNBODAZQLLT77X5B,window_resize,17192,"[980, 761]",1464328423031
ARUVEO4WF4E7P:3MX2NQ3YC9UHMFLNBODAZQLLT77X5B,window_resize,15707,"[980, 761]",1464328438738
ARUVEO4WF4E7P:3MX2NQ3YC9UHMFLNBODAZQLLT77X5B,window_resize,17149,"[980, 761]",1464328455887
ARUVEO4WF4E7P:3MX2NQ3YC9UHMFLNBODAZQLLT77X5B,window_resize,19806,"[980, 1160]",1464328475693
ARUVEO4WF4E7P:3MX2NQ3YC9UHMFLNBODAZQLLT77X5B,focus,0,off,1464328475693
ARUVEO4WF4E7P:3MX2NQ3YC9UHMFLNBODAZQLLT77X5B,focus,54430,on,1464328530123
ARUVEO4WF4E7P:3MX2NQ3YC9UHMFLNBODAZQLLT77X5B,focus,2,on,1464328530125
ARUVEO4WF4E7P:3MX2NQ3YC9UHMFLNBODAZQLLT77X5B,window_resize,2356,"[980, 761]",1464328532481
ARUVEO4WF4E7P:3MX2NQ3YC9UHMFLNBODAZQLLT77X5B,window_resize,13028,"[980, 761]",1464328545509
ARUVEO4WF4E7P:3MX2NQ3YC9UHMFLNBODAZQLLT77X5B,window_resize,20839,"[980, 761]",1464328566348
ARUVEO4WF4E7P:3MX2NQ3YC9UHMFLNBODAZQLLT77X5B,window_resize,5709,"[980, 761]",1464328572057
ARUVEO4WF4E7P:3MX2NQ3YC9UHMFLNBODAZQLLT77X5B,window_resize,4353,"[980, 761]",1464328576410
ARUVEO4WF4E7P:3MX2NQ3YC9UHMFLNBODAZQLLT77X5B,window_resize,3919,"[980, 761]",1464328580329
ARUVEO4WF4E7P:3MX2NQ3YC9UHMFLNBODAZQLLT77X5B,window_resize,9553,"[980, 761]",1464328589882
ARUVEO4WF4E7P:3MX2NQ3YC9UHMFLNBODAZQLLT77X5B,window_resize,9010,"[980, 761]",1464328598892
ARUVEO4WF4E7P:3MX2NQ3YC9UHMFLNBODAZQLLT77X5B,window_resize,9371,"[980, 761]",1464328608263
ARUVEO4WF4E7P:3MX2NQ3YC9UHMFLNBODAZQLLT77X5B,window_resize,6645,"[980, 761]",1464328614908
ARUVEO4WF4E7P:3MX2NQ3YC9UHMFLNBODAZQLLT77X5B,focus,5597,off,1464328620505
ARUVEO4WF4E7P:3MX2NQ3YC9UHMFLNBODAZQLLT77X5B,window_resize,871,"[980, 1160]",1464328621376
ARUVEO4WF4E7P:3MX2NQ3YC9UHMFLNBODAZQLLT77X5B,focus,45407,on,1464328666783
ARUVEO4WF4E7P:3MX2NQ3YC9UHMFLNBODAZQLLT77X5B,focus,1,on,1464328666784
ARUVEO4WF4E7P:3MX2NQ3YC9UHMFLNBODAZQLLT77X5B,window_resize,1705,"[980, 761]",1464328668489
ARUVEO4WF4E7P:3MX2NQ3YC9UHMFLNBODAZQLLT77X5B,window_resize,3607,"[980, 761]",1464328672096
ARUVEO4WF4E7P:3MX2NQ3YC9UHMFLNBODAZQLLT77X5B,focus,1594,off,1464328673690
ARUVEO4WF4E7P:3MX2NQ3YC9UHMFLNBODAZQLLT77X5B,window_resize,623,"[980, 1160]",1464328674313
ARUVEO4WF4E7P:3MX2NQ3YC9UHMFLNBODAZQLLT77X5B,focus,41335,on,1464328715648
ARUVEO4WF4E7P:3MX2NQ3YC9UHMFLNBODAZQLLT77X5B,focus,0,on,1464328715648
ARUVEO4WF4E7P:3MX2NQ3YC9UHMFLNBODAZQLLT77X5B,window_resize,2519,"[980, 761]",1464328718167
ARUVEO4WF4E7P:3MX2NQ3YC9UHMFLNBODAZQLLT77X5B,window_resize,3769,"[980, 761]",1464328721936
ARUVEO4WF4E7P:3MX2NQ3YC9UHMFLNBODAZQLLT77X5B,focus,1100,off,1464328723036
ARUVEO4WF4E7P:3MX2NQ3YC9UHMFLNBODAZQLLT77X5B,window_resize,296,"[980, 1160]",1464328723332
ARUVEO4WF4E7P:3MX2NQ3YC9UHMFLNBODAZQLLT77X5B,focus,58594,on,1464328781926
ARUVEO4WF4E7P:3MX2NQ3YC9UHMFLNBODAZQLLT77X5B,focus,0,on,1464328781926
ARUVEO4WF4E7P:3MX2NQ3YC9UHMFLNBODAZQLLT77X5B,window_resize,1809,"[980, 761]",1464328783735
ARUVEO4WF4E7P:3MX2NQ3YC9UHMFLNBODAZQLLT77X5B,window_resize,4209,"[980, 761]",1464328787944
ARUVEO4WF4E7P:3MX2NQ3YC9UHMFLNBODAZQLLT77X5B,window_resize,8927,"[980, 761]",1464328796871
ARUVEO4WF4E7P:3MX2NQ3YC9UHMFLNBODAZQLLT77X5B,window_resize,8373,"[980, 761]",1464328805244
ARUVEO4WF4E7P:3MX2NQ3YC9UHMFLNBODAZQLLT77X5B,window_resize,3480,"[980, 761]",1464328808724
ARUVEO4WF4E7P:3MX2NQ3YC9UHMFLNBODAZQLLT77X5B,window_resize,14355,"[980, 761]",1464328823079
ARUVEO4WF4E7P:3MX2NQ3YC9UHMFLNBODAZQLLT77X5B,window_resize,13709,"[980, 761]",1464328836788
ARUVEO4WF4E7P:3MX2NQ3YC9UHMFLNBODAZQLLT77X5B,window_resize,14178,"[980, 761]",1464328850966
ARUVEO4WF4E7P:3MX2NQ3YC9UHMFLNBODAZQLLT77X5B,window_resize,9846,"[980, 761]",1464328860812
ARUVEO4WF4E7P:3MX2NQ3YC9UHMFLNBODAZQLLT77X5B,window_resize,12927,"[980, 761]",1464328873739
ARUVEO4WF4E7P:3MX2NQ3YC9UHMFLNBODAZQLLT77X5B,focus,4022,off,1464328877761
ARUVEO4WF4E7P:3MX2NQ3YC9UHMFLNBODAZQLLT77X5B,window_resize,558,"[980, 1160]",1464328878319
ARUVEO4WF4E7P:3MX2NQ3YC9UHMFLNBODAZQLLT77X5B,focus,69350,on,1464328947669
ARUVEO4WF4E7P:3MX2NQ3YC9UHMFLNBODAZQLLT77X5B,focus,0,on,1464328947669
ARUVEO4WF4E7P:3MX2NQ3YC9UHMFLNBODAZQLLT77X5B,window_resize,1987,"[980, 761]",1464328949656
ARUVEO4WF4E7P:3MX2NQ3YC9UHMFLNBODAZQLLT77X5B,window_resize,5459,"[980, 761]",1464328955115
ARUVEO4WF4E7P:3MX2NQ3YC9UHMFLNBODAZQLLT77X5B,window_resize,3623,"[980, 761]",1464328958738
ARUVEO4WF4E7P:3MX2NQ3YC9UHMFLNBODAZQLLT77X5B,window_resize,10405,"[980, 761]",1464328969143
ARUVEO4WF4E7P:3MX2NQ3YC9UHMFLNBODAZQLLT77X5B,window_resize,5603,"[980, 761]",1464328974746
ARUVEO4WF4E7P:3MX2NQ3YC9UHMFLNBODAZQLLT77X5B,window_resize,14544,"[980, 761]",1464328989290
ARUVEO4WF4E7P:3MX2NQ3YC9UHMFLNBODAZQLLT77X5B,window_resize,4453,"[980, 761]",1464328993743
ARUVEO4WF4E7P:3MX2NQ3YC9UHMFLNBODAZQLLT77X5B,window_resize,6033,"[980, 761]",1464328999776
ARUVEO4WF4E7P:3MX2NQ3YC9UHMFLNBODAZQLLT77X5B,window_resize,9151,"[980, 761]",1464329008927
ARUVEO4WF4E7P:3MX2NQ3YC9UHMFLNBODAZQLLT77X5B,window_resize,6436,"[980, 761]",1464329015363
ARUVEO4WF4E7P:3MX2NQ3YC9UHMFLNBODAZQLLT77X5B,window_resize,7876,"[980, 761]",1464329023239
ARUVEO4WF4E7P:3MX2NQ3YC9UHMFLNBODAZQLLT77X5B,window_resize,11220,"[980, 761]",1464329034459
ARUVEO4WF4E7P:3MX2NQ3YC9UHMFLNBODAZQLLT77X5B,window_resize,6384,"[980, 761]",1464329040843
ARUVEO4WF4E7P:3MX2NQ3YC9UHMFLNBODAZQLLT77X5B,window_resize,8610,"[980, 761]",1464329049453
ARUVEO4WF4E7P:3MX2NQ3YC9UHMFLNBODAZQLLT77X5B,window_resize,15072,"[980, 761]",1464329064525
ARUVEO4WF4E7P:3MX2NQ3YC9UHMFLNBODAZQLLT77X5B,window_resize,6953,"[980, 761]",1464329071478
ARUVEO4WF4E7P:3MX2NQ3YC9UHMFLNBODAZQLLT77X5B,window_resize,17197,"[980, 761]",1464329088675
ARUVEO4WF4E7P:3MX2NQ3YC9UHMFLNBODAZQLLT77X5B,window_resize,5041,"[980, 761]",1464329093716
ARUVEO4WF4E7P:3MX2NQ3YC9UHMFLNBODAZQLLT77X5B,window_resize,9665,"[980, 761]",1464329103381
ARUVEO4WF4E7P:3MX2NQ3YC9UHMFLNBODAZQLLT77X5B,window_resize,18020,"[980, 761]",1464329121401
ARUVEO4WF4E7P:3MX2NQ3YC9UHMFLNBODAZQLLT77X5B,window_resize,10385,"[980, 761]",1464329131786
ARUVEO4WF4E7P:3MX2NQ3YC9UHMFLNBODAZQLLT77X5B,focus,1737,off,1464329133523
ARUVEO4WF4E7P:3MX2NQ3YC9UHMFLNBODAZQLLT77X5B,window_resize,794,"[980, 1160]",1464329134317
ARUVEO4WF4E7P:3MX2NQ3YC9UHMFLNBODAZQLLT77X5B,focus,60194,on,1464329194511
ARUVEO4WF4E7P:3MX2NQ3YC9UHMFLNBODAZQLLT77X5B,focus,0,on,1464329194511
ARUVEO4WF4E7P:3MX2NQ3YC9UHMFLNBODAZQLLT77X5B,window_resize,2551,"[980, 761]",1464329197062
ARUVEO4WF4E7P:3MX2NQ3YC9UHMFLNBODAZQLLT77X5B,window_resize,3378,"[980, 761]",1464329200440
ARUVEO4WF4E7P:3MX2NQ3YC9UHMFLNBODAZQLLT77X5B,window_resize,4555,"[980, 761]",1464329204995
ARUVEO4WF4E7P:3MX2NQ3YC9UHMFLNBODAZQLLT77X5B,focus,1010,off,1464329206005
ARUVEO4WF4E7P:3MX2NQ3YC9UHMFLNBODAZQLLT77X5B,window_resize,346,"[980, 1160]",1464329206351
ARUVEO4WF4E7P:3MX2NQ3YC9UHMFLNBODAZQLLT77X5B,focus,42627,on,1464329248978
ARUVEO4WF4E7P:3MX2NQ3YC9UHMFLNBODAZQLLT77X5B,focus,0,on,1464329248978
ARUVEO4WF4E7P:3MX2NQ3YC9UHMFLNBODAZQLLT77X5B,window_resize,1680,"[980, 761]",1464329250658
ARWF605I7RWM7:3NL0RFNU0FNT6WIGY0FB4475X2X4KO,initialized,0,,1464328259676
ARWF605I7RWM7:3NL0RFNU0FNT6WIGY0FB4475X2X4KO,window_resize,1,"[1012, 676]",1464328259677
ARWF605I7RWM7:3NL0RFNU0FNT6WIGY0FB4475X2X4KO,focus,186785,off,1464328446462
ARWF605I7RWM7:3NL0RFNU0FNT6WIGY0FB4475X2X4KO,focus,39072,on,1464328485534
ARWF605I7RWM7:3NL0RFNU0FNT6WIGY0FB4475X2X4KO,focus,33174,off,1464328518708
ARWF605I7RWM7:3NL0RFNU0FNT6WIGY0FB4475X2X4KO,focus,19381,on,1464328538089
ARWF605I7RWM7:3NL0RFNU0FNT6WIGY0FB4475X2X4KO,focus,96466,off,1464328634555
ARWF605I7RWM7:3NL0RFNU0FNT6WIGY0FB4475X2X4KO,focus,27615,on,1464328662170
ARWF605I7RWM7:3NL0RFNU0FNT6WIGY0FB4475X2X4KO,focus,64039,off,1464328726209
ARWF605I7RWM7:3NL0RFNU0FNT6WIGY0FB4475X2X4KO,focus,40339,on,1464328766548
ARWF605I7RWM7:3NL0RFNU0FNT6WIGY0FB4475X2X4KO,focus,24018,off,1464328790566
ARWF605I7RWM7:3NL0RFNU0FNT6WIGY0FB4475X2X4KO,focus,12552,on,1464328803118
ARWF605I7RWM7:3NL0RFNU0FNT6WIGY0FB4475X2X4KO,focus,66564,off,1464328869682
ARWF605I7RWM7:3NL0RFNU0FNT6WIGY0FB4475X2X4KO,focus,20719,on,1464328890401
ARWF605I7RWM7:3NL0RFNU0FNT6WIGY0FB4475X2X4KO,focus,21800,off,1464328912201
ARWF605I7RWM7:3NL0RFNU0FNT6WIGY0FB4475X2X4KO,focus,19160,on,1464328931361
ARWF605I7RWM7:3NL0RFNU0FNT6WIGY0FB4475X2X4KO,focus,4052,off,1464328935413
ARWF605I7RWM7:3NL0RFNU0FNT6WIGY0FB4475X2X4KO,focus,6172,on,1464328941585
ARWF605I7RWM7:3NL0RFNU0FNT6WIGY0FB4475X2X4KO,focus,30810,off,1464328972395
ARWF605I7RWM7:3NL0RFNU0FNT6WIGY0FB4475X2X4KO,focus,17764,on,1464328990159
ARWF605I7RWM7:3NL0RFNU0FNT6WIGY0FB4475X2X4KO,focus,7991,off,1464328998150
ARWF605I7RWM7:3NL0RFNU0FNT6WIGY0FB4475X2X4KO,focus,13484,on,1464329011634
ARWF605I7RWM7:3NL0RFNU0FNT6WIGY0FB4475X2X4KO,focus,30640,off,1464329042274
ARWF605I7RWM7:3NL0RFNU0FNT6WIGY0FB4475X2X4KO,focus,21987,on,1464329064261
ARWF605I7RWM7:3NL0RFNU0FNT6WIGY0FB4475X2X4KO,focus,4429,off,1464329068690
ARWF605I7RWM7:3NL0RFNU0FNT6WIGY0FB4475X2X4KO,focus,18897,on,1464329087587
ARWF605I7RWM7:3NL0RFNU0FNT6WIGY0FB4475X2X4KO,focus,19721,off,1464329107308
ARWF605I7RWM7:3NL0RFNU0FNT6WIGY0FB4475X2X4KO,focus,29409,on,1464329136717
ARWF605I7RWM7:3NL0RFNU0FNT6WIGY0FB4475X2X4KO,focus,4345,off,1464329141062
ARWF605I7RWM7:3NL0RFNU0FNT6WIGY0FB4475X2X4KO,focus,15298,on,1464329156360
ARWF605I7RWM7:3NL0RFNU0FNT6WIGY0FB4475X2X4KO,focus,132342,off,1464329288702
ARWF605I7RWM7:3NL0RFNU0FNT6WIGY0FB4475X2X4KO,focus,27630,on,1464329316332
ARWF605I7RWM7:3NL0RFNU0FNT6WIGY0FB4475X2X4KO,focus,81395,off,1464329397727
ARWF605I7RWM7:3NL0RFNU0FNT6WIGY0FB4475X2X4KO,focus,10431,on,1464329408158
ARWF605I7RWM7:3NL0RFNU0FNT6WIGY0FB4475X2X4KO,focus,10058,off,1464329418216
ARWF605I7RWM7:3NL0RFNU0FNT6WIGY0FB4475X2X4KO,focus,33425,on,1464329451641
ARWF605I7RWM7:3NL0RFNU0FNT6WIGY0FB4475X2X4KO,focus,10245,off,1464329461886
ARWF605I7RWM7:3NL0RFNU0FNT6WIGY0FB4475X2X4KO,focus,30944,on,1464329492830
ATHS9CW2FLYUY:3YMU66OBIN8IGMASNGEF01OGVQ2HGK,initialized,0,,1464328268457
ATHS9CW2FLYUY:3YMU66OBIN8IGMASNGEF01OGVQ2HGK,window_resize,1,"[1600, 845]",1464328268458
ATHS9CW2FLYUY:3YMU66OBIN8IGMASNGEF01OGVQ2HGK,focus,30305,off,1464328298763
ATHS9CW2FLYUY:3YMU66OBIN8IGMASNGEF01OGVQ2HGK,focus,55644,on,1464328354407
ATHS9CW2FLYUY:3YMU66OBIN8IGMASNGEF01OGVQ2HGK,focus,7161,off,1464328361568
ATHS9CW2FLYUY:3YMU66OBIN8IGMASNGEF01OGVQ2HGK,focus,5,off,1464328361573
ATHS9CW2FLYUY:3YMU66OBIN8IGMASNGEF01OGVQ2HGK,focus,746,on,1464328362319
ATHS9CW2FLYUY:3YMU66OBIN8IGMASNGEF01OGVQ2HGK,focus,147621,off,1464328509940
ATHS9CW2FLYUY:3YMU66OBIN8IGMASNGEF01OGVQ2HGK,focus,3388,on,1464328513328
AV22FQTJNBUZT:3DHE4R9OCWBE1W7A4VB8DXIE67L2GO,initialized,0,,1464328318642
AV22FQTJNBUZT:3DHE4R9OCWBE1W7A4VB8DXIE67L2GO,window_resize,0,"[1156, 812]",1464328318642
AV22FQTJNBUZT:3DHE4R9OCWBE1W7A4VB8DXIE67L2GO,focus,170918,off,1464328489560
AV22FQTJNBUZT:3DHE4R9OCWBE1W7A4VB8DXIE67L2GO,focus,1115,on,1464328490675
AV22FQTJNBUZT:3DHE4R9OCWBE1W7A4VB8DXIE67L2GO,focus,31699,off,1464328522374
AV22FQTJNBUZT:3DHE4R9OCWBE1W7A4VB8DXIE67L2GO,focus,953,on,1464328523327
AW0MG225VXWCN:345LHZDEDXSMRW4OS0EU0MOXK803UT,initialized,0,,1462919996240
AW0MG225VXWCN:345LHZDEDXSMRW4OS0EU0MOXK803UT,window_resize,0,"[1920, 976]",1462919996240
AW0MG225VXWCN:345LHZDEDXSMRW4OS0EU0MOXK803UT,focus,492,on,1462919996732
